Time period Combined unit of measure,Time period Reference area,Year,Value
"National currency, Current prices, Millions, Australian dollar",Australia,1995,
"National currency, Current prices, Millions, Euro",Austria,1995,646.46
"National currency, Current prices, Millions, Euro",Belgium,1995,
"National currency, Current prices, Millions, Colombian peso",Colombia,1995,
"National currency, Current prices, Millions, Costa Rican colon",Costa Rica,1995,
"National currency, Current prices, Millions, Czech koruna",Czechia,1995,6525.0
"National currency, Current prices, Millions, Danish krone",Denmark,1995,4824.0
"National currency, Current prices, Millions, Euro",Estonia,1995,7.6
"National currency, Current prices, Millions, Euro",Finland,1995,
"National currency, Current prices, Millions, Euro",France,1995,4060.0
"National currency, Current prices, Millions, Euro",Germany,1995,
"National currency, Current prices, Millions, Euro",Greece,1995,
"National currency, Current prices, Millions, Forint",Hungary,1995,22594.0
"National currency, Current prices, Millions, Iceland krona",Iceland,1995,
"National currency, Current prices, Millions, Euro",Ireland,1995,33.38
"National currency, Current prices, Millions, New Israeli sheqel",Israel,1995,
"National currency, Current prices, Millions, Euro",Italy,1995,
"National currency, Current prices, Millions, Yen",Japan,1995,
"National currency, Current prices, Millions, Euro",Latvia,1995,
"National currency, Current prices, Millions, Euro",Lithuania,1995,
"National currency, Current prices, Millions, Euro",Luxembourg,1995,54.67
"National currency, Current prices, Millions, Euro",Netherlands,1995,1565.0
"National currency, Current prices, Millions, Norwegian krone",Norway,1995,2666.0
"National currency, Current prices, Millions, Zloty",Poland,1995,
"National currency, Current prices, Millions, Euro",Portugal,1995,352.18
"National currency, Current prices, Millions, Euro",Slovak Republic,1995,
"National currency, Current prices, Millions, Euro",Slovenia,1995,17.19
"National currency, Current prices, Millions, Euro",Spain,1995,1320.0
"National currency, Current prices, Millions, Swedish krona",Sweden,1995,
"National currency, Current prices, Millions, Swiss franc",Switzerland,1995,1455.14
"National currency, Current prices, Millions, Pound sterling",United Kingdom,1995,1937.0
"National currency, Current prices, Millions",Euro area (20 countries),1995,
"National currency, Current prices, Millions, Euro",European Union (27 countries from 01/02/2020),1995,
"National currency, Current prices, Millions, Bulgarian lev",Non-OECD economies,1995,
"National currency, Current prices, Millions, Bulgarian lev",Bulgaria,1995,0.5
"National currency, Current prices, Millions, Euro",Croatia,1995,42.26
"National currency, Current prices, Millions, Romanian leu",Romania,1995,
"National currency, Current prices, Millions, Australian dollar",Australia,1996,
"National currency, Current prices, Millions, Euro",Austria,1996,652.32
"National currency, Current prices, Millions, Euro",Belgium,1996,
"National currency, Current prices, Millions, Colombian peso",Colombia,1996,
"National currency, Current prices, Millions, Costa Rican colon",Costa Rica,1996,
"National currency, Current prices, Millions, Czech koruna",Czechia,1996,8595.0
"National currency, Current prices, Millions, Danish krone",Denmark,1996,5201.0
"National currency, Current prices, Millions, Euro",Estonia,1996,11.9
"National currency, Current prices, Millions, Euro",Finland,1996,
"National currency, Current prices, Millions, Euro",France,1996,4023.0
"National currency, Current prices, Millions, Euro",Germany,1996,
"National currency, Current prices, Millions, Euro",Greece,1996,
"National currency, Current prices, Millions, Forint",Hungary,1996,16463.0
"National currency, Current prices, Millions, Iceland krona",Iceland,1996,
"National currency, Current prices, Millions, Euro",Ireland,1996,41.19
"National currency, Current prices, Millions, New Israeli sheqel",Israel,1996,
"National currency, Current prices, Millions, Euro",Italy,1996,
"National currency, Current prices, Millions, Yen",Japan,1996,
"National currency, Current prices, Millions, Euro",Latvia,1996,
"National currency, Current prices, Millions, Euro",Lithuania,1996,
"National currency, Current prices, Millions, Euro",Luxembourg,1996,61.18
"National currency, Current prices, Millions, Euro",Netherlands,1996,1608.0
"National currency, Current prices, Millions, Norwegian krone",Norway,1996,2847.0
"National currency, Current prices, Millions, Zloty",Poland,1996,
"National currency, Current prices, Millions, Euro",Portugal,1996,419.57
"National currency, Current prices, Millions, Euro",Slovak Republic,1996,
"National currency, Current prices, Millions, Euro",Slovenia,1996,18.62
"National currency, Current prices, Millions, Euro",Spain,1996,1382.0
"National currency, Current prices, Millions, Swedish krona",Sweden,1996,
"National currency, Current prices, Millions, Swiss franc",Switzerland,1996,1543.78
"National currency, Current prices, Millions, Pound sterling",United Kingdom,1996,2035.0
"National currency, Current prices, Millions",Euro area (20 countries),1996,
"National currency, Current prices, Millions, Euro",European Union (27 countries from 01/02/2020),1996,
"National currency, Current prices, Millions, Bulgarian lev",Non-OECD economies,1996,
"National currency, Current prices, Millions, Bulgarian lev",Bulgaria,1996,0.79
"National currency, Current prices, Millions, Euro",Croatia,1996,43.87
"National currency, Current prices, Millions, Romanian leu",Romania,1996,
"National currency, Current prices, Millions, Australian dollar",Australia,1997,
"National currency, Current prices, Millions, Euro",Austria,1997,737.0
"National currency, Current prices, Millions, Euro",Belgium,1997,
"National currency, Current prices, Millions, Colombian peso",Colombia,1997,
"National currency, Current prices, Millions, Costa Rican colon",Costa Rica,1997,
"National currency, Current prices, Millions, Czech koruna",Czechia,1997,6969.0
"National currency, Current prices, Millions, Danish krone",Denmark,1997,5279.0
"National currency, Current prices, Millions, Euro",Estonia,1997,16.1
"National currency, Current prices, Millions, Euro",Finland,1997,
"National currency, Current prices, Millions, Euro",France,1997,4366.0
"National currency, Current prices, Millions, Euro",Germany,1997,
"National currency, Current prices, Millions, Euro",Greece,1997,
"National currency, Current prices, Millions, Forint",Hungary,1997,23825.0
"National currency, Current prices, Millions, Iceland krona",Iceland,1997,
"National currency, Current prices, Millions, Euro",Ireland,1997,43.35
"National currency, Current prices, Millions, New Israeli sheqel",Israel,1997,
"National currency, Current prices, Millions, Euro",Italy,1997,
"National currency, Current prices, Millions, Yen",Japan,1997,
"National currency, Current prices, Millions, Euro",Latvia,1997,
"National currency, Current prices, Millions, Euro",Lithuania,1997,
"National currency, Current prices, Millions, Euro",Luxembourg,1997,60.53
"National currency, Current prices, Millions, Euro",Netherlands,1997,1669.0
"National currency, Current prices, Millions, Norwegian krone",Norway,1997,2886.0
"National currency, Current prices, Millions, Zloty",Poland,1997,
"National currency, Current prices, Millions, Euro",Portugal,1997,481.7
"National currency, Current prices, Millions, Euro",Slovak Republic,1997,
"National currency, Current prices, Millions, Euro",Slovenia,1997,22.07
"National currency, Current prices, Millions, Euro",Spain,1997,1487.0
"National currency, Current prices, Millions, Swedish krona",Sweden,1997,
"National currency, Current prices, Millions, Swiss franc",Switzerland,1997,1445.16
"National currency, Current prices, Millions, Pound sterling",United Kingdom,1997,1888.0
"National currency, Current prices, Millions",Euro area (20 countries),1997,
"National currency, Current prices, Millions, Euro",European Union (27 countries from 01/02/2020),1997,
"National currency, Current prices, Millions, Bulgarian lev",Non-OECD economies,1997,
"National currency, Current prices, Millions, Bulgarian lev",Bulgaria,1997,12.93
"National currency, Current prices, Millions, Euro",Croatia,1997,46.3
"National currency, Current prices, Millions, Romanian leu",Romania,1997,
"National currency, Current prices, Millions, Australian dollar",Australia,1998,2900.0
"National currency, Current prices, Millions, Euro",Austria,1998,694.57
"National currency, Current prices, Millions, Euro",Belgium,1998,
"National currency, Current prices, Millions, Colombian peso",Colombia,1998,
"National currency, Current prices, Millions, Costa Rican colon",Costa Rica,1998,
"National currency, Current prices, Millions, Czech koruna",Czechia,1998,8327.0
"National currency, Current prices, Millions, Danish krone",Denmark,1998,5205.0
"National currency, Current prices, Millions, Euro",Estonia,1998,17.6
"National currency, Current prices, Millions, Euro",Finland,1998,
"National currency, Current prices, Millions, Euro",France,1998,4883.0
"National currency, Current prices, Millions, Euro",Germany,1998,
"National currency, Current prices, Millions, Euro",Greece,1998,
"National currency, Current prices, Millions, Forint",Hungary,1998,26545.0
"National currency, Current prices, Millions, Iceland krona",Iceland,1998,6027.63
"National currency, Current prices, Millions, Euro",Ireland,1998,70.71
"National currency, Current prices, Millions, New Israeli sheqel",Israel,1998,
"National currency, Current prices, Millions, Euro",Italy,1998,
"National currency, Current prices, Millions, Yen",Japan,1998,
"National currency, Current prices, Millions, Euro",Latvia,1998,
"National currency, Current prices, Millions, Euro",Lithuania,1998,
"National currency, Current prices, Millions, Euro",Luxembourg,1998,74.83
"National currency, Current prices, Millions, Euro",Netherlands,1998,1813.0
"National currency, Current prices, Millions, Norwegian krone",Norway,1998,3048.0
"National currency, Current prices, Millions, Zloty",Poland,1998,
"National currency, Current prices, Millions, Euro",Portugal,1998,502.83
"National currency, Current prices, Millions, Euro",Slovak Republic,1998,
"National currency, Current prices, Millions, Euro",Slovenia,1998,25.71
"National currency, Current prices, Millions, Euro",Spain,1998,1689.0
"National currency, Current prices, Millions, Swedish krona",Sweden,1998,
"National currency, Current prices, Millions, Swiss franc",Switzerland,1998,1493.67
"National currency, Current prices, Millions, Pound sterling",United Kingdom,1998,2128.0
"National currency, Current prices, Millions",Euro area (20 countries),1998,
"National currency, Current prices, Millions, Euro",European Union (27 countries from 01/02/2020),1998,
"National currency, Current prices, Millions, Bulgarian lev",Non-OECD economies,1998,
"National currency, Current prices, Millions, Bulgarian lev",Bulgaria,1998,22.96
"National currency, Current prices, Millions, Euro",Croatia,1998,57.81
"National currency, Current prices, Millions, Romanian leu",Romania,1998,
"National currency, Current prices, Millions, Australian dollar",Australia,1999,3513.0
"National currency, Current prices, Millions, Euro",Austria,1999,689.9
"National currency, Current prices, Millions, Euro",Belgium,1999,
"National currency, Current prices, Millions, Colombian peso",Colombia,1999,
"National currency, Current prices, Millions, Costa Rican colon",Costa Rica,1999,
"National currency, Current prices, Millions, Czech koruna",Czechia,1999,6523.0
"National currency, Current prices, Millions, Danish krone",Denmark,1999,5387.0
"National currency, Current prices, Millions, Euro",Estonia,1999,20.6
"National currency, Current prices, Millions, Euro",Finland,1999,
"National currency, Current prices, Millions, Euro",France,1999,5178.0
"National currency, Current prices, Millions, Euro",Germany,1999,
"National currency, Current prices, Millions, Euro",Greece,1999,
"National currency, Current prices, Millions, Forint",Hungary,1999,27147.0
"National currency, Current prices, Millions, Iceland krona",Iceland,1999,6396.23
"National currency, Current prices, Millions, Euro",Ireland,1999,92.03
"National currency, Current prices, Millions, New Israeli sheqel",Israel,1999,
"National currency, Current prices, Millions, Euro",Italy,1999,
"National currency, Current prices, Millions, Yen",Japan,1999,
"National currency, Current prices, Millions, Euro",Latvia,1999,
"National currency, Current prices, Millions, Euro",Lithuania,1999,
"National currency, Current prices, Millions, Euro",Luxembourg,1999,90.72
"National currency, Current prices, Millions, Euro",Netherlands,1999,1952.0
"National currency, Current prices, Millions, Norwegian krone",Norway,1999,3156.0
"National currency, Current prices, Millions, Zloty",Poland,1999,
"National currency, Current prices, Millions, Euro",Portugal,1999,614.09
"National currency, Current prices, Millions, Euro",Slovak Republic,1999,
"National currency, Current prices, Millions, Euro",Slovenia,1999,37.08
"National currency, Current prices, Millions, Euro",Spain,1999,1888.0
"National currency, Current prices, Millions, Swedish krona",Sweden,1999,
"National currency, Current prices, Millions, Swiss franc",Switzerland,1999,1463.88
"National currency, Current prices, Millions, Pound sterling",United Kingdom,1999,2430.0
"National currency, Current prices, Millions",Euro area (20 countries),1999,
"National currency, Current prices, Millions, Euro",European Union (27 countries from 01/02/2020),1999,
"National currency, Current prices, Millions, Bulgarian lev",Non-OECD economies,1999,
"National currency, Current prices, Millions, Bulgarian lev",Bulgaria,1999,24.96
"National currency, Current prices, Millions, Euro",Croatia,1999,60.52
"National currency, Current prices, Millions, Romanian leu",Romania,1999,
"National currency, Current prices, Millions, Australian dollar",Australia,2000,3256.0
"National currency, Current prices, Millions, Euro",Austria,2000,656.41
"National currency, Current prices, Millions, Euro",Belgium,2000,
"National currency, Current prices, Millions, Colombian peso",Colombia,2000,
"National currency, Current prices, Millions, Costa Rican colon",Costa Rica,2000,
"National currency, Current prices, Millions, Czech koruna",Czechia,2000,7124.0
"National currency, Current prices, Millions, Danish krone",Denmark,2000,6225.0
"National currency, Current prices, Millions, Euro",Estonia,2000,21.2
"National currency, Current prices, Millions, Euro",Finland,2000,
"National currency, Current prices, Millions, Euro",France,2000,5722.0
"National currency, Current prices, Millions, Euro",Germany,2000,7188.0
"National currency, Current prices, Millions, Euro",Greece,2000,
"National currency, Current prices, Millions, Forint",Hungary,2000,46608.0
"National currency, Current prices, Millions, Iceland krona",Iceland,2000,6692.84
"National currency, Current prices, Millions, Euro",Ireland,2000,136.04
"National currency, Current prices, Millions, New Israeli sheqel",Israel,2000,
"National currency, Current prices, Millions, Euro",Italy,2000,
"National currency, Current prices, Millions, Yen",Japan,2000,
"National currency, Current prices, Millions, Euro",Latvia,2000,
"National currency, Current prices, Millions, Euro",Lithuania,2000,10.64
"National currency, Current prices, Millions, Euro",Luxembourg,2000,79.43
"National currency, Current prices, Millions, Euro",Netherlands,2000,2161.0
"National currency, Current prices, Millions, Norwegian krone",Norway,2000,3438.0
"National currency, Current prices, Millions, Zloty",Poland,2000,
"National currency, Current prices, Millions, Euro",Portugal,2000,605.72
"National currency, Current prices, Millions, Euro",Slovak Republic,2000,
"National currency, Current prices, Millions, Euro",Slovenia,2000,41.52
"National currency, Current prices, Millions, Euro",Spain,2000,1985.0
"National currency, Current prices, Millions, Swedish krona",Sweden,2000,
"National currency, Current prices, Millions, Swiss franc",Switzerland,2000,1497.59
"National currency, Current prices, Millions, Pound sterling",United Kingdom,2000,3505.0
"National currency, Current prices, Millions",Euro area (20 countries),2000,
"National currency, Current prices, Millions, Euro",European Union (27 countries from 01/02/2020),2000,
"National currency, Current prices, Millions, Bulgarian lev",Non-OECD economies,2000,
"National currency, Current prices, Millions, Bulgarian lev",Bulgaria,2000,51.07
"National currency, Current prices, Millions, Euro",Croatia,2000,59.76
"National currency, Current prices, Millions, Romanian leu",Romania,2000,
"National currency, Current prices, Millions, Australian dollar",Australia,2001,3119.0
"National currency, Current prices, Millions, Euro",Austria,2001,657.09
"National currency, Current prices, Millions, Euro",Belgium,2001,898.3
"National currency, Current prices, Millions, Colombian peso",Colombia,2001,
"National currency, Current prices, Millions, Costa Rican colon",Costa Rica,2001,
"National currency, Current prices, Millions, Czech koruna",Czechia,2001,8979.0
"National currency, Current prices, Millions, Danish krone",Denmark,2001,6684.0
"National currency, Current prices, Millions, Euro",Estonia,2001,26.9
"National currency, Current prices, Millions, Euro",Finland,2001,580.0
"National currency, Current prices, Millions, Euro",France,2001,6613.0
"National currency, Current prices, Millions, Euro",Germany,2001,7224.0
"National currency, Current prices, Millions, Euro",Greece,2001,311.0
"National currency, Current prices, Millions, Forint",Hungary,2001,57629.0
"National currency, Current prices, Millions, Iceland krona",Iceland,2001,7363.35
"National currency, Current prices, Millions, Euro",Ireland,2001,205.18
"National currency, Current prices, Millions, New Israeli sheqel",Israel,2001,
"National currency, Current prices, Millions, Euro",Italy,2001,3581.0
"National currency, Current prices, Millions, Yen",Japan,2001,
"National currency, Current prices, Millions, Euro",Latvia,2001,9.12
"National currency, Current prices, Millions, Euro",Lithuania,2001,13.66
"National currency, Current prices, Millions, Euro",Luxembourg,2001,86.86
"National currency, Current prices, Millions, Euro",Netherlands,2001,2393.0
"National currency, Current prices, Millions, Norwegian krone",Norway,2001,3426.0
"National currency, Current prices, Millions, Zloty",Poland,2001,2004.0
"National currency, Current prices, Millions, Euro",Portugal,2001,659.89
"National currency, Current prices, Millions, Euro",Slovak Republic,2001,35.49
"National currency, Current prices, Millions, Euro",Slovenia,2001,44.89
"National currency, Current prices, Millions, Euro",Spain,2001,1836.0
"National currency, Current prices, Millions, Swedish krona",Sweden,2001,10467.0
"National currency, Current prices, Millions, Swiss franc",Switzerland,2001,1561.56
"National currency, Current prices, Millions, Pound sterling",United Kingdom,2001,3090.0
"National currency, Current prices, Millions",Euro area (20 countries),2001,25286.66
"National currency, Current prices, Millions, Euro",European Union (27 countries from 01/02/2020),2001,28446.87
"National currency, Current prices, Millions, Bulgarian lev",Non-OECD economies,2001,
"National currency, Current prices, Millions, Bulgarian lev",Bulgaria,2001,25.1
"National currency, Current prices, Millions, Euro",Croatia,2001,70.18
"National currency, Current prices, Millions, Romanian leu",Romania,2001,222.5
"National currency, Current prices, Millions, Australian dollar",Australia,2002,2387.0
"National currency, Current prices, Millions, Euro",Austria,2002,687.29
"National currency, Current prices, Millions, Euro",Belgium,2002,976.4
"National currency, Current prices, Millions, Colombian peso",Colombia,2002,
"National currency, Current prices, Millions, Costa Rican colon",Costa Rica,2002,
"National currency, Current prices, Millions, Czech koruna",Czechia,2002,9849.0
"National currency, Current prices, Millions, Danish krone",Denmark,2002,6711.0
"National currency, Current prices, Millions, Euro",Estonia,2002,33.5
"National currency, Current prices, Millions, Euro",Finland,2002,620.0
"National currency, Current prices, Millions, Euro",France,2002,7535.0
"National currency, Current prices, Millions, Euro",Germany,2002,7186.0
"National currency, Current prices, Millions, Euro",Greece,2002,309.0
"National currency, Current prices, Millions, Forint",Hungary,2002,92462.0
"National currency, Current prices, Millions, Iceland krona",Iceland,2002,10104.31
"National currency, Current prices, Millions, Euro",Ireland,2002,291.36
"National currency, Current prices, Millions, New Israeli sheqel",Israel,2002,
"National currency, Current prices, Millions, Euro",Italy,2002,3661.0
"National currency, Current prices, Millions, Yen",Japan,2002,
"National currency, Current prices, Millions, Euro",Latvia,2002,12.9
"National currency, Current prices, Millions, Euro",Lithuania,2002,22.86
"National currency, Current prices, Millions, Euro",Luxembourg,2002,95.28
"National currency, Current prices, Millions, Euro",Netherlands,2002,2745.0
"National currency, Current prices, Millions, Norwegian krone",Norway,2002,4003.0
"National currency, Current prices, Millions, Zloty",Poland,2002,2263.0
"National currency, Current prices, Millions, Euro",Portugal,2002,732.65
"National currency, Current prices, Millions, Euro",Slovak Republic,2002,56.85
"National currency, Current prices, Millions, Euro",Slovenia,2002,58.56
"National currency, Current prices, Millions, Euro",Spain,2002,2068.0
"National currency, Current prices, Millions, Swedish krona",Sweden,2002,10439.0
"National currency, Current prices, Millions, Swiss franc",Switzerland,2002,1641.74
"National currency, Current prices, Millions, Pound sterling",United Kingdom,2002,3381.0
"National currency, Current prices, Millions",Euro area (20 countries),2002,27221.38
"National currency, Current prices, Millions, Euro",European Union (27 countries from 01/02/2020),2002,30669.12
"National currency, Current prices, Millions, Bulgarian lev",Non-OECD economies,2002,
"National currency, Current prices, Millions, Bulgarian lev",Bulgaria,2002,28.08
"National currency, Current prices, Millions, Euro",Croatia,2002,89.81
"National currency, Current prices, Millions, Romanian leu",Romania,2002,324.3
"National currency, Current prices, Millions, Australian dollar",Australia,2003,3764.0
"National currency, Current prices, Millions, Euro",Austria,2003,703.7
"National currency, Current prices, Millions, Euro",Belgium,2003,1049.2
"National currency, Current prices, Millions, Colombian peso",Colombia,2003,
"National currency, Current prices, Millions, Costa Rican colon",Costa Rica,2003,
"National currency, Current prices, Millions, Czech koruna",Czechia,2003,10396.0
"National currency, Current prices, Millions, Danish krone",Denmark,2003,6751.0
"National currency, Current prices, Millions, Euro",Estonia,2003,39.3
"National currency, Current prices, Millions, Euro",Finland,2003,688.0
"National currency, Current prices, Millions, Euro",France,2003,8325.0
"National currency, Current prices, Millions, Euro",Germany,2003,7017.0
"National currency, Current prices, Millions, Euro",Greece,2003,305.0
"National currency, Current prices, Millions, Forint",Hungary,2003,61167.0
"National currency, Current prices, Millions, Iceland krona",Iceland,2003,11618.96
"National currency, Current prices, Millions, Euro",Ireland,2003,230.76
"National currency, Current prices, Millions, New Israeli sheqel",Israel,2003,
"National currency, Current prices, Millions, Euro",Italy,2003,3657.0
"National currency, Current prices, Millions, Yen",Japan,2003,
"National currency, Current prices, Millions, Euro",Latvia,2003,13.64
"National currency, Current prices, Millions, Euro",Lithuania,2003,20.83
"National currency, Current prices, Millions, Euro",Luxembourg,2003,111.85
"National currency, Current prices, Millions, Euro",Netherlands,2003,2988.0
"National currency, Current prices, Millions, Norwegian krone",Norway,2003,4612.0
"National currency, Current prices, Millions, Zloty",Poland,2003,2239.0
"National currency, Current prices, Millions, Euro",Portugal,2003,767.83
"National currency, Current prices, Millions, Euro",Slovak Republic,2003,82.02
"National currency, Current prices, Millions, Euro",Slovenia,2003,62.34
"National currency, Current prices, Millions, Euro",Spain,2003,2485.0
"National currency, Current prices, Millions, Swedish krona",Sweden,2003,10007.0
"National currency, Current prices, Millions, Swiss franc",Switzerland,2003,1715.84
"National currency, Current prices, Millions, Pound sterling",United Kingdom,2003,3682.0
"National currency, Current prices, Millions",Euro area (20 countries),2003,28723.61
"National currency, Current prices, Millions, Euro",European Union (27 countries from 01/02/2020),2003,31948.04
"National currency, Current prices, Millions, Bulgarian lev",Non-OECD economies,2003,
"National currency, Current prices, Millions, Bulgarian lev",Bulgaria,2003,37.91
"National currency, Current prices, Millions, Euro",Croatia,2003,139.75
"National currency, Current prices, Millions, Romanian leu",Romania,2003,462.5
"National currency, Current prices, Millions, Australian dollar",Australia,2004,4004.0
"National currency, Current prices, Millions, Euro",Austria,2004,695.02
"National currency, Current prices, Millions, Euro",Belgium,2004,1040.2
"National currency, Current prices, Millions, Colombian peso",Colombia,2004,
"National currency, Current prices, Millions, Costa Rican colon",Costa Rica,2004,
"National currency, Current prices, Millions, Czech koruna",Czechia,2004,12312.0
"National currency, Current prices, Millions, Danish krone",Denmark,2004,7092.0
"National currency, Current prices, Millions, Euro",Estonia,2004,39.3
"National currency, Current prices, Millions, Euro",Finland,2004,712.0
"National currency, Current prices, Millions, Euro",France,2004,8697.0
"National currency, Current prices, Millions, Euro",Germany,2004,6737.0
"National currency, Current prices, Millions, Euro",Greece,2004,406.0
"National currency, Current prices, Millions, Forint",Hungary,2004,74202.0
"National currency, Current prices, Millions, Iceland krona",Iceland,2004,14239.08
"National currency, Current prices, Millions, Euro",Ireland,2004,267.92
"National currency, Current prices, Millions, New Israeli sheqel",Israel,2004,
"National currency, Current prices, Millions, Euro",Italy,2004,4437.0
"National currency, Current prices, Millions, Yen",Japan,2004,
"National currency, Current prices, Millions, Euro",Latvia,2004,17.22
"National currency, Current prices, Millions, Euro",Lithuania,2004,28.69
"National currency, Current prices, Millions, Euro",Luxembourg,2004,116.38
"National currency, Current prices, Millions, Euro",Netherlands,2004,2887.0
"National currency, Current prices, Millions, Norwegian krone",Norway,2004,5038.0
"National currency, Current prices, Millions, Zloty",Poland,2004,2273.0
"National currency, Current prices, Millions, Euro",Portugal,2004,589.4
"National currency, Current prices, Millions, Euro",Slovak Republic,2004,86.7
"National currency, Current prices, Millions, Euro",Slovenia,2004,72.45
"National currency, Current prices, Millions, Euro",Spain,2004,2974.0
"National currency, Current prices, Millions, Swedish krona",Sweden,2004,10069.0
"National currency, Current prices, Millions, Swiss franc",Switzerland,2004,1807.71
"National currency, Current prices, Millions, Pound sterling",United Kingdom,2004,3751.0
"National currency, Current prices, Millions",Euro area (20 countries),2004,29987.39
"National currency, Current prices, Millions, Euro",European Union (27 countries from 01/02/2020),2004,33366.9
"National currency, Current prices, Millions, Bulgarian lev",Non-OECD economies,2004,
"National currency, Current prices, Millions, Bulgarian lev",Bulgaria,2004,41.82
"National currency, Current prices, Millions, Euro",Croatia,2004,145.31
"National currency, Current prices, Millions, Romanian leu",Romania,2004,479.2
"National currency, Current prices, Millions, Australian dollar",Australia,2005,4219.0
"National currency, Current prices, Millions, Euro",Austria,2005,739.85
"National currency, Current prices, Millions, Euro",Belgium,2005,1181.9
"National currency, Current prices, Millions, Colombian peso",Colombia,2005,
"National currency, Current prices, Millions, Costa Rican colon",Costa Rica,2005,
"National currency, Current prices, Millions, Czech koruna",Czechia,2005,12623.0
"National currency, Current prices, Millions, Danish krone",Denmark,2005,7372.0
"National currency, Current prices, Millions, Euro",Estonia,2005,58.5
"National currency, Current prices, Millions, Euro",Finland,2005,691.0
"National currency, Current prices, Millions, Euro",France,2005,9380.0
"National currency, Current prices, Millions, Euro",Germany,2005,6722.0
"National currency, Current prices, Millions, Euro",Greece,2005,434.0
"National currency, Current prices, Millions, Forint",Hungary,2005,80079.0
"National currency, Current prices, Millions, Iceland krona",Iceland,2005,14179.33
"National currency, Current prices, Millions, Euro",Ireland,2005,303.56
"National currency, Current prices, Millions, New Israeli sheqel",Israel,2005,
"National currency, Current prices, Millions, Euro",Italy,2005,3978.0
"National currency, Current prices, Millions, Yen",Japan,2005,540200.0
"National currency, Current prices, Millions, Euro",Latvia,2005,25.29
"National currency, Current prices, Millions, Euro",Lithuania,2005,30.99
"National currency, Current prices, Millions, Euro",Luxembourg,2005,113.8
"National currency, Current prices, Millions, Euro",Netherlands,2005,3002.0
"National currency, Current prices, Millions, Norwegian krone",Norway,2005,5033.0
"National currency, Current prices, Millions, Zloty",Poland,2005,2854.0
"National currency, Current prices, Millions, Euro",Portugal,2005,676.84
"National currency, Current prices, Millions, Euro",Slovak Republic,2005,86.25
"National currency, Current prices, Millions, Euro",Slovenia,2005,75.31
"National currency, Current prices, Millions, Euro",Spain,2005,3221.0
"National currency, Current prices, Millions, Swedish krona",Sweden,2005,11617.0
"National currency, Current prices, Millions, Swiss franc",Switzerland,2005,1814.59
"National currency, Current prices, Millions, Pound sterling",United Kingdom,2005,3965.0
"National currency, Current prices, Millions",Euro area (20 countries),2005,30948.38
"National currency, Current prices, Millions, Euro",European Union (27 countries from 01/02/2020),2005,34864.35
"National currency, Current prices, Millions, Bulgarian lev",Non-OECD economies,2005,
"National currency, Current prices, Millions, Bulgarian lev",Bulgaria,2005,35.02
"National currency, Current prices, Millions, Euro",Croatia,2005,174.6
"National currency, Current prices, Millions, Romanian leu",Romania,2005,728.3
"National currency, Current prices, Millions, Australian dollar",Australia,2006,4456.0
"National currency, Current prices, Millions, Euro",Austria,2006,792.77
"National currency, Current prices, Millions, Euro",Belgium,2006,1265.0
"National currency, Current prices, Millions, Colombian peso",Colombia,2006,
"National currency, Current prices, Millions, Costa Rican colon",Costa Rica,2006,
"National currency, Current prices, Millions, Czech koruna",Czechia,2006,16590.0
"National currency, Current prices, Millions, Danish krone",Denmark,2006,7684.0
"National currency, Current prices, Millions, Euro",Estonia,2006,78.1
"National currency, Current prices, Millions, Euro",Finland,2006,706.0
"National currency, Current prices, Millions, Euro",France,2006,10018.0
"National currency, Current prices, Millions, Euro",Germany,2006,6865.0
"National currency, Current prices, Millions, Euro",Greece,2006,431.0
"National currency, Current prices, Millions, Forint",Hungary,2006,96790.0
"National currency, Current prices, Millions, Iceland krona",Iceland,2006,18604.79
"National currency, Current prices, Millions, Euro",Ireland,2006,375.43
"National currency, Current prices, Millions, New Israeli sheqel",Israel,2006,
"National currency, Current prices, Millions, Euro",Italy,2006,3753.0
"National currency, Current prices, Millions, Yen",Japan,2006,519200.0
"National currency, Current prices, Millions, Euro",Latvia,2006,56.37
"National currency, Current prices, Millions, Euro",Lithuania,2006,37.29
"National currency, Current prices, Millions, Euro",Luxembourg,2006,116.81
"National currency, Current prices, Millions, Euro",Netherlands,2006,3250.0
"National currency, Current prices, Millions, Norwegian krone",Norway,2006,5424.0
"National currency, Current prices, Millions, Zloty",Poland,2006,3451.0
"National currency, Current prices, Millions, Euro",Portugal,2006,659.29
"National currency, Current prices, Millions, Euro",Slovak Republic,2006,77.01
"National currency, Current prices, Millions, Euro",Slovenia,2006,88.74
"National currency, Current prices, Millions, Euro",Spain,2006,4054.0
"National currency, Current prices, Millions, Swedish krona",Sweden,2006,12882.0
"National currency, Current prices, Millions, Swiss franc",Switzerland,2006,1877.42
"National currency, Current prices, Millions, Pound sterling",United Kingdom,2006,4217.0
"National currency, Current prices, Millions",Euro area (20 countries),2006,32878.91
"National currency, Current prices, Millions, Euro",European Union (27 countries from 01/02/2020),2006,37464.35
"National currency, Current prices, Millions, Bulgarian lev",Non-OECD economies,2006,
"National currency, Current prices, Millions, Bulgarian lev",Bulgaria,2006,52.8
"National currency, Current prices, Millions, Euro",Croatia,2006,193.43
"National currency, Current prices, Millions, Romanian leu",Romania,2006,1053.8
"National currency, Current prices, Millions, Australian dollar",Australia,2007,4674.0
"National currency, Current prices, Millions, Euro",Austria,2007,849.32
"National currency, Current prices, Millions, Euro",Belgium,2007,1268.5
"National currency, Current prices, Millions, Colombian peso",Colombia,2007,
"National currency, Current prices, Millions, Costa Rican colon",Costa Rica,2007,
"National currency, Current prices, Millions, Czech koruna",Czechia,2007,16991.0
"National currency, Current prices, Millions, Danish krone",Denmark,2007,8095.0
"National currency, Current prices, Millions, Euro",Estonia,2007,71.3
"National currency, Current prices, Millions, Euro",Finland,2007,764.0
"National currency, Current prices, Millions, Euro",France,2007,10578.0
"National currency, Current prices, Millions, Euro",Germany,2007,7140.0
"National currency, Current prices, Millions, Euro",Greece,2007,461.0
"National currency, Current prices, Millions, Forint",Hungary,2007,88847.0
"National currency, Current prices, Millions, Iceland krona",Iceland,2007,24088.81
"National currency, Current prices, Millions, Euro",Ireland,2007,476.12
"National currency, Current prices, Millions, New Israeli sheqel",Israel,2007,
"National currency, Current prices, Millions, Euro",Italy,2007,3825.0
"National currency, Current prices, Millions, Yen",Japan,2007,507400.0
"National currency, Current prices, Millions, Euro",Latvia,2007,81.82
"National currency, Current prices, Millions, Euro",Lithuania,2007,49.04
"National currency, Current prices, Millions, Euro",Luxembourg,2007,129.66
"National currency, Current prices, Millions, Euro",Netherlands,2007,3391.0
"National currency, Current prices, Millions, Norwegian krone",Norway,2007,6224.0
"National currency, Current prices, Millions, Zloty",Poland,2007,3861.0
"National currency, Current prices, Millions, Euro",Portugal,2007,643.31
"National currency, Current prices, Millions, Euro",Slovak Republic,2007,91.25
"National currency, Current prices, Millions, Euro",Slovenia,2007,92.94
"National currency, Current prices, Millions, Euro",Spain,2007,4655.0
"National currency, Current prices, Millions, Swedish krona",Sweden,2007,13701.0
"National currency, Current prices, Millions, Swiss franc",Switzerland,2007,2018.84
"National currency, Current prices, Millions, Pound sterling",United Kingdom,2007,4804.0
"National currency, Current prices, Millions",Euro area (20 countries),2007,34877.06
"National currency, Current prices, Millions, Euro",European Union (27 countries from 01/02/2020),2007,39913.59
"National currency, Current prices, Millions, Bulgarian lev",Non-OECD economies,2007,
"National currency, Current prices, Millions, Bulgarian lev",Bulgaria,2007,72.97
"National currency, Current prices, Millions, Euro",Croatia,2007,233.82
"National currency, Current prices, Millions, Romanian leu",Romania,2007,1486.6
"National currency, Current prices, Millions, Australian dollar",Australia,2008,5236.0
"National currency, Current prices, Millions, Euro",Austria,2008,910.81
"National currency, Current prices, Millions, Euro",Belgium,2008,1324.9
"National currency, Current prices, Millions, Colombian peso",Colombia,2008,
"National currency, Current prices, Millions, Costa Rican colon",Costa Rica,2008,
"National currency, Current prices, Millions, Czech koruna",Czechia,2008,17267.0
"National currency, Current prices, Millions, Danish krone",Denmark,2008,8772.0
"National currency, Current prices, Millions, Euro",Estonia,2008,76.7
"National currency, Current prices, Millions, Euro",Finland,2008,839.0
"National currency, Current prices, Millions, Euro",France,2008,10798.0
"National currency, Current prices, Millions, Euro",Germany,2008,7598.0
"National currency, Current prices, Millions, Euro",Greece,2008,491.0
"National currency, Current prices, Millions, Forint",Hungary,2008,102731.0
"National currency, Current prices, Millions, Iceland krona",Iceland,2008,25996.21
"National currency, Current prices, Millions, Euro",Ireland,2008,581.23
"National currency, Current prices, Millions, New Israeli sheqel",Israel,2008,
"National currency, Current prices, Millions, Euro",Italy,2008,3667.0
"National currency, Current prices, Millions, Yen",Japan,2008,502400.0
"National currency, Current prices, Millions, Euro",Latvia,2008,95.09
"National currency, Current prices, Millions, Euro",Lithuania,2008,60.09
"National currency, Current prices, Millions, Euro",Luxembourg,2008,143.55
"National currency, Current prices, Millions, Euro",Netherlands,2008,3722.0
"National currency, Current prices, Millions, Norwegian krone",Norway,2008,6987.0
"National currency, Current prices, Millions, Zloty",Poland,2008,5213.0
"National currency, Current prices, Millions, Euro",Portugal,2008,709.3
"National currency, Current prices, Millions, Euro",Slovak Republic,2008,100.53
"National currency, Current prices, Millions, Euro",Slovenia,2008,107.9
"National currency, Current prices, Millions, Euro",Spain,2008,4802.0
"National currency, Current prices, Millions, Swedish krona",Sweden,2008,15847.0
"National currency, Current prices, Millions, Swiss franc",Switzerland,2008,2145.07
"National currency, Current prices, Millions, Pound sterling",United Kingdom,2008,5604.0
"National currency, Current prices, Millions",Euro area (20 countries),2008,36363.88
"National currency, Current prices, Millions, Euro",European Union (27 countries from 01/02/2020),2008,42343.49
"National currency, Current prices, Millions, Bulgarian lev",Non-OECD economies,2008,
"National currency, Current prices, Millions, Bulgarian lev",Bulgaria,2008,116.08
"National currency, Current prices, Millions, Euro",Croatia,2008,245.1
"National currency, Current prices, Millions, Romanian leu",Romania,2008,1880.7
"National currency, Current prices, Millions, Australian dollar",Australia,2009,6170.0
"National currency, Current prices, Millions, Euro",Austria,2009,876.85
"National currency, Current prices, Millions, Euro",Belgium,2009,1458.8
"National currency, Current prices, Millions, Colombian peso",Colombia,2009,1536000.0
"National currency, Current prices, Millions, Costa Rican colon",Costa Rica,2009,
"National currency, Current prices, Millions, Czech koruna",Czechia,2009,19330.0
"National currency, Current prices, Millions, Danish krone",Denmark,2009,8076.0
"National currency, Current prices, Millions, Euro",Estonia,2009,70.5
"National currency, Current prices, Millions, Euro",Finland,2009,840.0
"National currency, Current prices, Millions, Euro",France,2009,11264.0
"National currency, Current prices, Millions, Euro",Germany,2009,7635.0
"National currency, Current prices, Millions, Euro",Greece,2009,467.0
"National currency, Current prices, Millions, Forint",Hungary,2009,98867.0
"National currency, Current prices, Millions, Iceland krona",Iceland,2009,25712.27
"National currency, Current prices, Millions, Euro",Ireland,2009,324.98
"National currency, Current prices, Millions, New Israeli sheqel",Israel,2009,
"National currency, Current prices, Millions, Euro",Italy,2009,3723.0
"National currency, Current prices, Millions, Yen",Japan,2009,530000.0
"National currency, Current prices, Millions, Euro",Latvia,2009,50.48
"National currency, Current prices, Millions, Euro",Lithuania,2009,58.16
"National currency, Current prices, Millions, Euro",Luxembourg,2009,164.03
"National currency, Current prices, Millions, Euro",Netherlands,2009,4152.0
"National currency, Current prices, Millions, Norwegian krone",Norway,2009,8881.0
"National currency, Current prices, Millions, Zloty",Poland,2009,6957.0
"National currency, Current prices, Millions, Euro",Portugal,2009,709.2
"National currency, Current prices, Millions, Euro",Slovak Republic,2009,114.65
"National currency, Current prices, Millions, Euro",Slovenia,2009,106.33
"National currency, Current prices, Millions, Euro",Spain,2009,5172.0
"National currency, Current prices, Millions, Swedish krona",Sweden,2009,16649.0
"National currency, Current prices, Millions, Swiss franc",Switzerland,2009,2082.87
"National currency, Current prices, Millions, Pound sterling",United Kingdom,2009,6033.0
"National currency, Current prices, Millions",Euro area (20 countries),2009,37567.91
"National currency, Current prices, Millions, Euro",European Union (27 countries from 01/02/2020),2009,43368.9
"National currency, Current prices, Millions, Bulgarian lev",Non-OECD economies,2009,
"National currency, Current prices, Millions, Bulgarian lev",Bulgaria,2009,69.5
"National currency, Current prices, Millions, Euro",Croatia,2009,283.02
"National currency, Current prices, Millions, Romanian leu",Romania,2009,1787.3
"National currency, Current prices, Millions, Australian dollar",Australia,2010,6550.0
"National currency, Current prices, Millions, Euro",Austria,2010,866.91
"National currency, Current prices, Millions, Euro",Belgium,2010,1502.0
"National currency, Current prices, Millions, Colombian peso",Colombia,2010,1388000.0
"National currency, Current prices, Millions, Costa Rican colon",Costa Rica,2010,
"National currency, Current prices, Millions, Czech koruna",Czechia,2010,16899.0
"National currency, Current prices, Millions, Danish krone",Denmark,2010,7507.0
"National currency, Current prices, Millions, Euro",Estonia,2010,67.9
"National currency, Current prices, Millions, Euro",Finland,2010,876.0
"National currency, Current prices, Millions, Euro",France,2010,11722.0
"National currency, Current prices, Millions, Euro",Germany,2010,7987.0
"National currency, Current prices, Millions, Euro",Greece,2010,395.0
"National currency, Current prices, Millions, Forint",Hungary,2010,97214.0
"National currency, Current prices, Millions, Iceland krona",Iceland,2010,26800.13
"National currency, Current prices, Millions, Euro",Ireland,2010,280.53
"National currency, Current prices, Millions, New Israeli sheqel",Israel,2010,
"National currency, Current prices, Millions, Euro",Italy,2010,3625.1
"National currency, Current prices, Millions, Yen",Japan,2010,501600.0
"National currency, Current prices, Millions, Euro",Latvia,2010,37.88
"National currency, Current prices, Millions, Euro",Lithuania,2010,49.61
"National currency, Current prices, Millions, Euro",Luxembourg,2010,170.46
"National currency, Current prices, Millions, Euro",Netherlands,2010,3985.0
"National currency, Current prices, Millions, Norwegian krone",Norway,2010,8830.0
"National currency, Current prices, Millions, Zloty",Poland,2010,9097.6
"National currency, Current prices, Millions, Euro",Portugal,2010,701.95
"National currency, Current prices, Millions, Euro",Slovak Republic,2010,157.91
"National currency, Current prices, Millions, Euro",Slovenia,2010,231.13
"National currency, Current prices, Millions, Euro",Spain,2010,5727.0
"National currency, Current prices, Millions, Swedish krona",Sweden,2010,17950.0
"National currency, Current prices, Millions, Swiss franc",Switzerland,2010,2127.36
"National currency, Current prices, Millions, Pound sterling",United Kingdom,2010,6015.0
"National currency, Current prices, Millions",Euro area (20 countries),2010,38737.79
"National currency, Current prices, Millions, Euro",European Union (27 countries from 01/02/2020),2010,45408.39
"National currency, Current prices, Millions, Bulgarian lev",Non-OECD economies,2010,
"National currency, Current prices, Millions, Bulgarian lev",Bulgaria,2010,93.9
"National currency, Current prices, Millions, Euro",Croatia,2010,255.99
"National currency, Current prices, Millions, Romanian leu",Romania,2010,1827.3
"National currency, Current prices, Millions, Australian dollar",Australia,2011,6475.0
"National currency, Current prices, Millions, Euro",Austria,2011,832.81
"National currency, Current prices, Millions, Euro",Belgium,2011,1539.8
"National currency, Current prices, Millions, Colombian peso",Colombia,2011,1624000.0
"National currency, Current prices, Millions, Costa Rican colon",Costa Rica,2011,
"National currency, Current prices, Millions, Czech koruna",Czechia,2011,15456.0
"National currency, Current prices, Millions, Danish krone",Denmark,2011,7420.0
"National currency, Current prices, Millions, Euro",Estonia,2011,59.1
"National currency, Current prices, Millions, Euro",Finland,2011,889.0
"National currency, Current prices, Millions, Euro",France,2011,12033.0
"National currency, Current prices, Millions, Euro",Germany,2011,7634.0
"National currency, Current prices, Millions, Euro",Greece,2011,361.0
"National currency, Current prices, Millions, Forint",Hungary,2011,95415.0
"National currency, Current prices, Millions, Iceland krona",Iceland,2011,23622.99
"National currency, Current prices, Millions, Euro",Ireland,2011,247.67
"National currency, Current prices, Millions, New Israeli sheqel",Israel,2011,
"National currency, Current prices, Millions, Euro",Italy,2011,3749.4
"National currency, Current prices, Millions, Yen",Japan,2011,507600.0
"National currency, Current prices, Millions, Euro",Latvia,2011,98.93
"National currency, Current prices, Millions, Euro",Lithuania,2011,81.31
"National currency, Current prices, Millions, Euro",Luxembourg,2011,165.26
"National currency, Current prices, Millions, Euro",Netherlands,2011,3833.0
"National currency, Current prices, Millions, Norwegian krone",Norway,2011,9030.0
"National currency, Current prices, Millions, Zloty",Poland,2011,8891.6
"National currency, Current prices, Millions, Euro",Portugal,2011,676.38
"National currency, Current prices, Millions, Euro",Slovak Republic,2011,127.79
"National currency, Current prices, Millions, Euro",Slovenia,2011,126.06
"National currency, Current prices, Millions, Euro",Spain,2011,5040.0
"National currency, Current prices, Millions, Swedish krona",Sweden,2011,18855.0
"National currency, Current prices, Millions, Swiss franc",Switzerland,2011,2200.67
"National currency, Current prices, Millions, Pound sterling",United Kingdom,2011,5831.0
"National currency, Current prices, Millions",Euro area (20 countries),2011,37840.01
"National currency, Current prices, Millions, Euro",European Union (27 countries from 01/02/2020),2011,44571.77
"National currency, Current prices, Millions, Bulgarian lev",Non-OECD economies,2011,
"National currency, Current prices, Millions, Bulgarian lev",Bulgaria,2011,104.22
"National currency, Current prices, Millions, Euro",Croatia,2011,249.18
"National currency, Current prices, Millions, Romanian leu",Romania,2011,1977.8
"National currency, Current prices, Millions, Australian dollar",Australia,2012,6436.0
"National currency, Current prices, Millions, Euro",Austria,2012,877.86
"National currency, Current prices, Millions, Euro",Belgium,2012,1784.3
"National currency, Current prices, Millions, Colombian peso",Colombia,2012,2007000.0
"National currency, Current prices, Millions, Costa Rican colon",Costa Rica,2012,6054.648
"National currency, Current prices, Millions, Czech koruna",Czechia,2012,15102.0
"National currency, Current prices, Millions, Danish krone",Denmark,2012,7634.0
"National currency, Current prices, Millions, Euro",Estonia,2012,62.3
"National currency, Current prices, Millions, Euro",Finland,2012,973.0
"National currency, Current prices, Millions, Euro",France,2012,12331.0
"National currency, Current prices, Millions, Euro",Germany,2012,7209.0
"National currency, Current prices, Millions, Euro",Greece,2012,397.0
"National currency, Current prices, Millions, Forint",Hungary,2012,102361.0
"National currency, Current prices, Millions, Iceland krona",Iceland,2012,24047.48
"National currency, Current prices, Millions, Euro",Ireland,2012,247.35
"National currency, Current prices, Millions, New Israeli sheqel",Israel,2012,
"National currency, Current prices, Millions, Euro",Italy,2012,3377.4
"National currency, Current prices, Millions, Yen",Japan,2012,519500.0
"National currency, Current prices, Millions, Euro",Latvia,2012,38.24
"National currency, Current prices, Millions, Euro",Lithuania,2012,48.81
"National currency, Current prices, Millions, Euro",Luxembourg,2012,197.27
"National currency, Current prices, Millions, Euro",Netherlands,2012,3593.0
"National currency, Current prices, Millions, Norwegian krone",Norway,2012,8920.0
"National currency, Current prices, Millions, Zloty",Poland,2012,7739.2
"National currency, Current prices, Millions, Euro",Portugal,2012,573.31
"National currency, Current prices, Millions, Euro",Slovak Republic,2012,116.89
"National currency, Current prices, Millions, Euro",Slovenia,2012,120.45
"National currency, Current prices, Millions, Euro",Spain,2012,3857.0
"National currency, Current prices, Millions, Swedish krona",Sweden,2012,19203.0
"National currency, Current prices, Millions, Swiss franc",Switzerland,2012,2109.92
"National currency, Current prices, Millions, Pound sterling",United Kingdom,2012,5594.0
"National currency, Current prices, Millions",Euro area (20 countries),2012,36148.86
"National currency, Current prices, Millions, Euro",European Union (27 countries from 01/02/2020),2012,42701.26
"National currency, Current prices, Millions, Bulgarian lev",Non-OECD economies,2012,
"National currency, Current prices, Millions, Bulgarian lev",Bulgaria,2012,137.79
"National currency, Current prices, Millions, Euro",Croatia,2012,260.61
"National currency, Current prices, Millions, Romanian leu",Romania,2012,1990.6
"National currency, Current prices, Millions, Australian dollar",Australia,2013,6877.0
"National currency, Current prices, Millions, Euro",Austria,2013,888.13
"National currency, Current prices, Millions, Euro",Belgium,2013,1635.9
"National currency, Current prices, Millions, Colombian peso",Colombia,2013,2506000.0
"National currency, Current prices, Millions, Costa Rican colon",Costa Rica,2013,7726.673
"National currency, Current prices, Millions, Czech koruna",Czechia,2013,15382.0
"National currency, Current prices, Millions, Danish krone",Denmark,2013,7677.0
"National currency, Current prices, Millions, Euro",Estonia,2013,86.9
"National currency, Current prices, Millions, Euro",Finland,2013,970.0
"National currency, Current prices, Millions, Euro",France,2013,12747.0
"National currency, Current prices, Millions, Euro",Germany,2013,7217.0
"National currency, Current prices, Millions, Euro",Greece,2013,412.0
"National currency, Current prices, Millions, Forint",Hungary,2013,112911.0
"National currency, Current prices, Millions, Iceland krona",Iceland,2013,27977.48
"National currency, Current prices, Millions, Euro",Ireland,2013,265.15
"National currency, Current prices, Millions, New Israeli sheqel",Israel,2013,4873.094
"National currency, Current prices, Millions, Euro",Italy,2013,4189.7
"National currency, Current prices, Millions, Yen",Japan,2013,579200.0
"National currency, Current prices, Millions, Euro",Latvia,2013,39.4
"National currency, Current prices, Millions, Euro",Lithuania,2013,48.68
"National currency, Current prices, Millions, Euro",Luxembourg,2013,240.19
"National currency, Current prices, Millions, Euro",Netherlands,2013,3589.0
"National currency, Current prices, Millions, Norwegian krone",Norway,2013,9300.0
"National currency, Current prices, Millions, Zloty",Poland,2013,6691.8
"National currency, Current prices, Millions, Euro",Portugal,2013,624.17
"National currency, Current prices, Millions, Euro",Slovak Republic,2013,91.18
"National currency, Current prices, Millions, Euro",Slovenia,2013,119.8
"National currency, Current prices, Millions, Euro",Spain,2013,3767.0
"National currency, Current prices, Millions, Swedish krona",Sweden,2013,20257.0
"National currency, Current prices, Millions, Swiss franc",Switzerland,2013,2152.53
"National currency, Current prices, Millions, Pound sterling",United Kingdom,2013,4304.0
"National currency, Current prices, Millions",Euro area (20 countries),2013,37257.48
"National currency, Current prices, Millions, Euro",European Union (27 countries from 01/02/2020),2013,43608.87
"National currency, Current prices, Millions, Bulgarian lev",Non-OECD economies,2013,
"National currency, Current prices, Millions, Bulgarian lev",Bulgaria,2013,108.93
"National currency, Current prices, Millions, Euro",Croatia,2013,258.82
"National currency, Current prices, Millions, Romanian leu",Romania,2013,1583.0
"National currency, Current prices, Millions, Australian dollar",Australia,2014,7183.0
"National currency, Current prices, Millions, Euro",Austria,2014,937.93
"National currency, Current prices, Millions, Euro",Belgium,2014,1479.1
"National currency, Current prices, Millions, Colombian peso",Colombia,2014,3073000.0
"National currency, Current prices, Millions, Costa Rican colon",Costa Rica,2014,6583.068
"National currency, Current prices, Millions, Czech koruna",Czechia,2014,17425.0
"National currency, Current prices, Millions, Danish krone",Denmark,2014,7584.0
"National currency, Current prices, Millions, Euro",Estonia,2014,85.2
"National currency, Current prices, Millions, Euro",Finland,2014,936.0
"National currency, Current prices, Millions, Euro",France,2014,12418.0
"National currency, Current prices, Millions, Euro",Germany,2014,7421.0
"National currency, Current prices, Millions, Euro",Greece,2014,587.0
"National currency, Current prices, Millions, Forint",Hungary,2014,151545.0
"National currency, Current prices, Millions, Iceland krona",Iceland,2014,28601.2
"National currency, Current prices, Millions, Euro",Ireland,2014,255.28
"National currency, Current prices, Millions, New Israeli sheqel",Israel,2014,4815.582
"National currency, Current prices, Millions, Euro",Italy,2014,4306.0
"National currency, Current prices, Millions, Yen",Japan,2014,623400.0
"National currency, Current prices, Millions, Euro",Latvia,2014,62.31
"National currency, Current prices, Millions, Euro",Lithuania,2014,57.92
"National currency, Current prices, Millions, Euro",Luxembourg,2014,240.6
"National currency, Current prices, Millions, Euro",Netherlands,2014,3422.0
"National currency, Current prices, Millions, Norwegian krone",Norway,2014,10454.0
"National currency, Current prices, Millions, Zloty",Poland,2014,7409.48
"National currency, Current prices, Millions, Euro",Portugal,2014,505.4
"National currency, Current prices, Millions, Euro",Slovak Republic,2014,103.83
"National currency, Current prices, Millions, Euro",Slovenia,2014,115.85
"National currency, Current prices, Millions, Euro",Spain,2014,3806.0
"National currency, Current prices, Millions, Swedish krona",Sweden,2014,22490.0
"National currency, Current prices, Millions, Swiss franc",Switzerland,2014,2193.49
"National currency, Current prices, Millions, Pound sterling",United Kingdom,2014,3944.0
"National currency, Current prices, Millions",Euro area (20 countries),2014,37059.68
"National currency, Current prices, Millions, Euro",European Union (27 countries from 01/02/2020),2014,44163.49
"National currency, Current prices, Millions, Bulgarian lev",Non-OECD economies,2014,
"National currency, Current prices, Millions, Bulgarian lev",Bulgaria,2014,489.09
"National currency, Current prices, Millions, Euro",Croatia,2014,262.02
"National currency, Current prices, Millions, Romanian leu",Romania,2014,2088.9
"National currency, Current prices, Millions, Australian dollar",Australia,2015,7883.0
"National currency, Current prices, Millions, Euro",Austria,2015,1001.99
"National currency, Current prices, Millions, Euro",Belgium,2015,1551.3
"National currency, Current prices, Millions, Colombian peso",Colombia,2015,3762000.0
"National currency, Current prices, Millions, Costa Rican colon",Costa Rica,2015,1570.29
"National currency, Current prices, Millions, Czech koruna",Czechia,2015,17636.0
"National currency, Current prices, Millions, Danish krone",Denmark,2015,8081.0
"National currency, Current prices, Millions, Euro",Estonia,2015,80.8
"National currency, Current prices, Millions, Euro",Finland,2015,1016.0
"National currency, Current prices, Millions, Euro",France,2015,12012.0
"National currency, Current prices, Millions, Euro",Germany,2015,7594.0
"National currency, Current prices, Millions, Euro",Greece,2015,618.0
"National currency, Current prices, Millions, Forint",Hungary,2015,179206.0
"National currency, Current prices, Millions, Iceland krona",Iceland,2015,32660.24
"National currency, Current prices, Millions, Euro",Ireland,2015,270.93
"National currency, Current prices, Millions, New Israeli sheqel",Israel,2015,3659.987
"National currency, Current prices, Millions, Euro",Italy,2015,4315.0
"National currency, Current prices, Millions, Yen",Japan,2015,647400.0
"National currency, Current prices, Millions, Euro",Latvia,2015,64.09
"National currency, Current prices, Millions, Euro",Lithuania,2015,53.89
"National currency, Current prices, Millions, Euro",Luxembourg,2015,241.1
"National currency, Current prices, Millions, Euro",Netherlands,2015,3802.0
"National currency, Current prices, Millions, Norwegian krone",Norway,2015,10497.0
"National currency, Current prices, Millions, Zloty",Poland,2015,6937.08
"National currency, Current prices, Millions, Euro",Portugal,2015,576.22
"National currency, Current prices, Millions, Euro",Slovak Republic,2015,132.97
"National currency, Current prices, Millions, Euro",Slovenia,2015,130.98
"National currency, Current prices, Millions, Euro",Spain,2015,4207.0
"National currency, Current prices, Millions, Swedish krona",Sweden,2015,22660.0
"National currency, Current prices, Millions, Swiss franc",Switzerland,2015,2238.61
"National currency, Current prices, Millions, Pound sterling",United Kingdom,2015,3722.0
"National currency, Current prices, Millions",Euro area (20 countries),2015,37999.8
"National currency, Current prices, Millions, Euro",European Union (27 countries from 01/02/2020),2015,45037.58
"National currency, Current prices, Millions, Bulgarian lev",Non-OECD economies,2015,
"National currency, Current prices, Millions, Bulgarian lev",Bulgaria,2015,354.4
"National currency, Current prices, Millions, Euro",Croatia,2015,263.49
"National currency, Current prices, Millions, Romanian leu",Romania,2015,2080.3
"National currency, Current prices, Millions, Australian dollar",Australia,2016,8166.0
"National currency, Current prices, Millions, Euro",Austria,2016,990.14
"National currency, Current prices, Millions, Euro",Belgium,2016,1656.0
"National currency, Current prices, Millions, Colombian peso",Colombia,2016,3720000.0
"National currency, Current prices, Millions, Costa Rican colon",Costa Rica,2016,1857.296
"National currency, Current prices, Millions, Czech koruna",Czechia,2016,17862.0
"National currency, Current prices, Millions, Danish krone",Denmark,2016,8182.0
"National currency, Current prices, Millions, Euro",Estonia,2016,94.6
"National currency, Current prices, Millions, Euro",Finland,2016,1053.0
"National currency, Current prices, Millions, Euro",France,2016,12119.0
"National currency, Current prices, Millions, Euro",Germany,2016,7370.0
"National currency, Current prices, Millions, Euro",Greece,2016,633.0
"National currency, Current prices, Millions, Forint",Hungary,2016,398309.0
"National currency, Current prices, Millions, Iceland krona",Iceland,2016,35368.56
"National currency, Current prices, Millions, Euro",Ireland,2016,308.38
"National currency, Current prices, Millions, New Israeli sheqel",Israel,2016,5178.151
"National currency, Current prices, Millions, Euro",Italy,2016,4516.0
"National currency, Current prices, Millions, Yen",Japan,2016,721100.0
"National currency, Current prices, Millions, Euro",Latvia,2016,63.88
"National currency, Current prices, Millions, Euro",Lithuania,2016,70.93
"National currency, Current prices, Millions, Euro",Luxembourg,2016,261.11
"National currency, Current prices, Millions, Euro",Netherlands,2016,3712.0
"National currency, Current prices, Millions, Norwegian krone",Norway,2016,13024.0
"National currency, Current prices, Millions, Zloty",Poland,2016,6321.54
"National currency, Current prices, Millions, Euro",Portugal,2016,492.23
"National currency, Current prices, Millions, Euro",Slovak Republic,2016,122.65
"National currency, Current prices, Millions, Euro",Slovenia,2016,110.22
"National currency, Current prices, Millions, Euro",Spain,2016,4205.0
"National currency, Current prices, Millions, Swedish krona",Sweden,2016,24267.0
"National currency, Current prices, Millions, Swiss franc",Switzerland,2016,2285.09
"National currency, Current prices, Millions, Pound sterling",United Kingdom,2016,3489.0
"National currency, Current prices, Millions",Euro area (20 countries),2016,38067.97
"National currency, Current prices, Millions, Euro",European Union (27 countries from 01/02/2020),2016,45633.61
"National currency, Current prices, Millions, Bulgarian lev",Non-OECD economies,2016,
"National currency, Current prices, Millions, Bulgarian lev",Bulgaria,2016,159.17
"National currency, Current prices, Millions, Euro",Croatia,2016,227.44
"National currency, Current prices, Millions, Romanian leu",Romania,2016,1948.8
"National currency, Current prices, Millions, Australian dollar",Australia,2017,9092.0
"National currency, Current prices, Millions, Euro",Austria,2017,1014.48
"National currency, Current prices, Millions, Euro",Belgium,2017,1679.0
"National currency, Current prices, Millions, Colombian peso",Colombia,2017,4052000.0
"National currency, Current prices, Millions, Costa Rican colon",Costa Rica,2017,1383.862
"National currency, Current prices, Millions, Czech koruna",Czechia,2017,21349.0
"National currency, Current prices, Millions, Danish krone",Denmark,2017,8244.0
"National currency, Current prices, Millions, Euro",Estonia,2017,131.9
"National currency, Current prices, Millions, Euro",Finland,2017,1188.0
"National currency, Current prices, Millions, Euro",France,2017,12539.0
"National currency, Current prices, Millions, Euro",Germany,2017,7927.0
"National currency, Current prices, Millions, Euro",Greece,2017,665.0
"National currency, Current prices, Millions, Forint",Hungary,2017,452680.0
"National currency, Current prices, Millions, Iceland krona",Iceland,2017,38427.74
"National currency, Current prices, Millions, Euro",Ireland,2017,281.37
"National currency, Current prices, Millions, New Israeli sheqel",Israel,2017,4585.885
"National currency, Current prices, Millions, Euro",Italy,2017,4450.0
"National currency, Current prices, Millions, Yen",Japan,2017,740000.0
"National currency, Current prices, Millions, Euro",Latvia,2017,86.55
"National currency, Current prices, Millions, Euro",Lithuania,2017,87.89
"National currency, Current prices, Millions, Euro",Luxembourg,2017,293.49
"National currency, Current prices, Millions, Euro",Netherlands,2017,3732.0
"National currency, Current prices, Millions, Norwegian krone",Norway,2017,14887.0
"National currency, Current prices, Millions, Zloty",Poland,2017,7563.77
"National currency, Current prices, Millions, Euro",Portugal,2017,542.54
"National currency, Current prices, Millions, Euro",Slovak Republic,2017,126.65
"National currency, Current prices, Millions, Euro",Slovenia,2017,119.37
"National currency, Current prices, Millions, Euro",Spain,2017,4488.0
"National currency, Current prices, Millions, Swedish krona",Sweden,2017,24645.0
"National currency, Current prices, Millions, Swiss franc",Switzerland,2017,2410.77
"National currency, Current prices, Millions, Pound sterling",United Kingdom,2017,3635.0
"National currency, Current prices, Millions",Euro area (20 countries),2017,39628.15
"National currency, Current prices, Millions, Euro",European Union (27 countries from 01/02/2020),2017,47947.29
"National currency, Current prices, Millions, Bulgarian lev",Non-OECD economies,2017,
"National currency, Current prices, Millions, Bulgarian lev",Bulgaria,2017,217.06
"National currency, Current prices, Millions, Euro",Croatia,2017,192.42
"National currency, Current prices, Millions, Romanian leu",Romania,2017,2239.8
"National currency, Current prices, Millions, Australian dollar",Australia,2018,9275.0
"National currency, Current prices, Millions, Euro",Austria,2018,1077.83
"National currency, Current prices, Millions, Euro",Belgium,2018,1925.6
"National currency, Current prices, Millions, Colombian peso",Colombia,2018,4726000.0
"National currency, Current prices, Millions, Costa Rican colon",Costa Rica,2018,950.943
"National currency, Current prices, Millions, Czech koruna",Czechia,2018,26006.0
"National currency, Current prices, Millions, Danish krone",Denmark,2018,8692.0
"National currency, Current prices, Millions, Euro",Estonia,2018,137.7
"National currency, Current prices, Millions, Euro",Finland,2018,1351.0
"National currency, Current prices, Millions, Euro",France,2018,12748.0
"National currency, Current prices, Millions, Euro",Germany,2018,8431.0
"National currency, Current prices, Millions, Euro",Greece,2018,789.0
"National currency, Current prices, Millions, Forint",Hungary,2018,423953.0
"National currency, Current prices, Millions, Iceland krona",Iceland,2018,43540.55
"National currency, Current prices, Millions, Euro",Ireland,2018,359.98
"National currency, Current prices, Millions, New Israeli sheqel",Israel,2018,5214.842
"National currency, Current prices, Millions, Euro",Italy,2018,4693.5
"National currency, Current prices, Millions, Yen",Japan,2018,769700.0
"National currency, Current prices, Millions, Euro",Latvia,2018,93.4
"National currency, Current prices, Millions, Euro",Lithuania,2018,99.1
"National currency, Current prices, Millions, Euro",Luxembourg,2018,313.47
"National currency, Current prices, Millions, Euro",Netherlands,2018,3960.0
"National currency, Current prices, Millions, Norwegian krone",Norway,2018,15654.0
"National currency, Current prices, Millions, Zloty",Poland,2018,9588.72
"National currency, Current prices, Millions, Euro",Portugal,2018,637.34
"National currency, Current prices, Millions, Euro",Slovak Republic,2018,175.16
"National currency, Current prices, Millions, Euro",Slovenia,2018,145.69
"National currency, Current prices, Millions, Euro",Spain,2018,4777.0
"National currency, Current prices, Millions, Swedish krona",Sweden,2018,26555.0
"National currency, Current prices, Millions, Swiss franc",Switzerland,2018,2515.46
"National currency, Current prices, Millions, Pound sterling",United Kingdom,2018,3849.0
"National currency, Current prices, Millions",Euro area (20 countries),2018,42008.04
"National currency, Current prices, Millions, Euro",European Union (27 countries from 01/02/2020),2018,51030.62
"National currency, Current prices, Millions, Bulgarian lev",Non-OECD economies,2018,
"National currency, Current prices, Millions, Bulgarian lev",Bulgaria,2018,174.14
"National currency, Current prices, Millions, Euro",Croatia,2018,199.0
"National currency, Current prices, Millions, Romanian leu",Romania,2018,2723.3
"National currency, Current prices, Millions, Australian dollar",Australia,2019,10135.0
"National currency, Current prices, Millions, Euro",Austria,2019,1090.29
"National currency, Current prices, Millions, Euro",Belgium,2019,1975.6
"National currency, Current prices, Millions, Colombian peso",Colombia,2019,5484000.0
"National currency, Current prices, Millions, Costa Rican colon",Costa Rica,2019,202.299
"National currency, Current prices, Millions, Czech koruna",Czechia,2019,26481.0
"National currency, Current prices, Millions, Danish krone",Denmark,2019,9066.0
"National currency, Current prices, Millions, Euro",Estonia,2019,162.9
"National currency, Current prices, Millions, Euro",Finland,2019,1393.0
"National currency, Current prices, Millions, Euro",France,2019,13750.0
"National currency, Current prices, Millions, Euro",Germany,2019,8943.0
"National currency, Current prices, Millions, Euro",Greece,2019,787.0
"National currency, Current prices, Millions, Forint",Hungary,2019,511235.0
"National currency, Current prices, Millions, Iceland krona",Iceland,2019,45369.09
"National currency, Current prices, Millions, Euro",Ireland,2019,392.66
"National currency, Current prices, Millions, New Israeli sheqel",Israel,2019,5476.898
"National currency, Current prices, Millions, Euro",Italy,2019,4858.8
"National currency, Current prices, Millions, Yen",Japan,2019,975300.0
"National currency, Current prices, Millions, Euro",Latvia,2019,76.13
"National currency, Current prices, Millions, Euro",Lithuania,2019,122.66
"National currency, Current prices, Millions, Euro",Luxembourg,2019,333.69
"National currency, Current prices, Millions, Euro",Netherlands,2019,4165.0
"National currency, Current prices, Millions, Norwegian krone",Norway,2019,17975.0
"National currency, Current prices, Millions, Zloty",Poland,2019,10108.39
"National currency, Current prices, Millions, Euro",Portugal,2019,668.25
"National currency, Current prices, Millions, Euro",Slovak Republic,2019,217.92
"National currency, Current prices, Millions, Euro",Slovenia,2019,136.06
"National currency, Current prices, Millions, Euro",Spain,2019,5165.0
"National currency, Current prices, Millions, Swedish krona",Sweden,2019,29107.0
"National currency, Current prices, Millions, Swiss franc",Switzerland,2019,2600.19
"National currency, Current prices, Millions, Pound sterling",United Kingdom,2019,3816.0
"National currency, Current prices, Millions",Euro area (20 countries),2019,44584.17
"National currency, Current prices, Millions, Euro",European Union (27 countries from 01/02/2020),2019,54229.79
"National currency, Current prices, Millions, Bulgarian lev",Non-OECD economies,2019,
"National currency, Current prices, Millions, Bulgarian lev",Bulgaria,2019,126.84
"National currency, Current prices, Millions, Euro",Croatia,2019,232.14
"National currency, Current prices, Millions, Romanian leu",Romania,2019,3143.4
"National currency, Current prices, Millions, Australian dollar",Australia,2020,10526.0
"National currency, Current prices, Millions, Euro",Austria,2020,1108.03
"National currency, Current prices, Millions, Euro",Belgium,2020,1793.5
"National currency, Current prices, Millions, Colombian peso",Colombia,2020,2874000.0
"National currency, Current prices, Millions, Costa Rican colon",Costa Rica,2020,0.8
"National currency, Current prices, Millions, Czech koruna",Czechia,2020,27184.0
"National currency, Current prices, Millions, Danish krone",Denmark,2020,9209.0
"National currency, Current prices, Millions, Euro",Estonia,2020,159.4
"National currency, Current prices, Millions, Euro",Finland,2020,1327.0
"National currency, Current prices, Millions, Euro",France,2020,12728.0
"National currency, Current prices, Millions, Euro",Germany,2020,9514.0
"National currency, Current prices, Millions, Euro",Greece,2020,847.0
"National currency, Current prices, Millions, Forint",Hungary,2020,611155.51
"National currency, Current prices, Millions, Iceland krona",Iceland,2020,49980.48
"National currency, Current prices, Millions, Euro",Ireland,2020,373.66
"National currency, Current prices, Millions, New Israeli sheqel",Israel,2020,4869.536
"National currency, Current prices, Millions, Euro",Italy,2020,4346.2
"National currency, Current prices, Millions, Yen",Japan,2020,776700.0
"National currency, Current prices, Millions, Euro",Latvia,2020,66.22
"National currency, Current prices, Millions, Euro",Lithuania,2020,155.73
"National currency, Current prices, Millions, Euro",Luxembourg,2020,318.36
"National currency, Current prices, Millions, Euro",Netherlands,2020,4395.0
"National currency, Current prices, Millions, Norwegian krone",Norway,2020,18269.0
"National currency, Current prices, Millions, Zloty",Poland,2020,9235.5
"National currency, Current prices, Millions, Euro",Portugal,2020,667.09
"National currency, Current prices, Millions, Euro",Slovak Republic,2020,188.75
"National currency, Current prices, Millions, Euro",Slovenia,2020,140.18
"National currency, Current prices, Millions, Euro",Spain,2020,4750.0
"National currency, Current prices, Millions, Swedish krona",Sweden,2020,31909.0
"National currency, Current prices, Millions, Swiss franc",Switzerland,2020,2624.75
"National currency, Current prices, Millions, Pound sterling",United Kingdom,2020,3591.0
"National currency, Current prices, Millions",Euro area (20 countries),2020,43211.04
"National currency, Current prices, Millions, Euro",European Union (27 countries from 01/02/2020),2020,53136.15
"National currency, Current prices, Millions, Bulgarian lev",Non-OECD economies,2020,
"National currency, Current prices, Millions, Bulgarian lev",Bulgaria,2020,290.93
"National currency, Current prices, Millions, Euro",Croatia,2020,234.83
"National currency, Current prices, Millions, Romanian leu",Romania,2020,3151.8
"National currency, Current prices, Millions, Australian dollar",Australia,2021,11299.0
"National currency, Current prices, Millions, Euro",Austria,2021,1235.18
"National currency, Current prices, Millions, Euro",Belgium,2021,1932.6
"National currency, Current prices, Millions, Colombian peso",Colombia,2021,
"National currency, Current prices, Millions, Costa Rican colon",Costa Rica,2021,0.0
"National currency, Current prices, Millions, Czech koruna",Czechia,2021,25811.0
"National currency, Current prices, Millions, Danish krone",Denmark,2021,9240.0
"National currency, Current prices, Millions, Euro",Estonia,2021,203.3
"National currency, Current prices, Millions, Euro",Finland,2021,1337.0
"National currency, Current prices, Millions, Euro",France,2021,13068.0
"National currency, Current prices, Millions, Euro",Germany,2021,9401.0
"National currency, Current prices, Millions, Euro",Greece,2021,969.0
"National currency, Current prices, Millions, Forint",Hungary,2021,483674.39
"National currency, Current prices, Millions, Iceland krona",Iceland,2021,52462.21
"National currency, Current prices, Millions, Euro",Ireland,2021,395.9
"National currency, Current prices, Millions, New Israeli sheqel",Israel,2021,5396.468
"National currency, Current prices, Millions, Euro",Italy,2021,5548.9
"National currency, Current prices, Millions, Yen",Japan,2021,991100.0
"National currency, Current prices, Millions, Euro",Latvia,2021,70.55
"National currency, Current prices, Millions, Euro",Lithuania,2021,170.41
"National currency, Current prices, Millions, Euro",Luxembourg,2021,344.05
"National currency, Current prices, Millions, Euro",Netherlands,2021,4491.0
"National currency, Current prices, Millions, Norwegian krone",Norway,2021,18066.0
"National currency, Current prices, Millions, Zloty",Poland,2021,10128.89
"National currency, Current prices, Millions, Euro",Portugal,2021,821.71
"National currency, Current prices, Millions, Euro",Slovak Republic,2021,190.42
"National currency, Current prices, Millions, Euro",Slovenia,2021,151.3
"National currency, Current prices, Millions, Euro",Spain,2021,5294.0
"National currency, Current prices, Millions, Swedish krona",Sweden,2021,32318.0
"National currency, Current prices, Millions, Swiss franc",Switzerland,2021,2833.52
"National currency, Current prices, Millions, Pound sterling",United Kingdom,2021,4365.0
"National currency, Current prices, Millions",Euro area (20 countries),2021,45975.14
"National currency, Current prices, Millions, Euro",European Union (27 countries from 01/02/2020),2021,55791.5
"National currency, Current prices, Millions, Bulgarian lev",Non-OECD economies,2021,
"National currency, Current prices, Millions, Bulgarian lev",Bulgaria,2021,310.39
"National currency, Current prices, Millions, Euro",Croatia,2021,237.86
"National currency, Current prices, Millions, Romanian leu",Romania,2021,3226.6
"National currency, Current prices, Millions, Australian dollar",Australia,2022,12199.0
"National currency, Current prices, Millions, Euro",Austria,2022,1360.05
"National currency, Current prices, Millions, Euro",Belgium,2022,2168.8
"National currency, Current prices, Millions, Colombian peso",Colombia,2022,
"National currency, Current prices, Millions, Costa Rican colon",Costa Rica,2022,
"National currency, Current prices, Millions, Czech koruna",Czechia,2022,32526.0
"National currency, Current prices, Millions, Danish krone",Denmark,2022,8817.0
"National currency, Current prices, Millions, Euro",Estonia,2022,188.9
"National currency, Current prices, Millions, Euro",Finland,2022,1318.0
"National currency, Current prices, Millions, Euro",France,2022,14662.0
"National currency, Current prices, Millions, Euro",Germany,2022,9929.0
"National currency, Current prices, Millions, Euro",Greece,2022,1078.0
"National currency, Current prices, Millions, Forint",Hungary,2022,562909.39
"National currency, Current prices, Millions, Iceland krona",Iceland,2022,58749.99
"National currency, Current prices, Millions, Euro",Ireland,2022,403.79
"National currency, Current prices, Millions, New Israeli sheqel",Israel,2022,5693.458
"National currency, Current prices, Millions, Euro",Italy,2022,5204.9
"National currency, Current prices, Millions, Yen",Japan,2022,737000.0
"National currency, Current prices, Millions, Euro",Latvia,2022,104.27
"National currency, Current prices, Millions, Euro",Lithuania,2022,209.93
"National currency, Current prices, Millions, Euro",Luxembourg,2022,397.04
"National currency, Current prices, Millions, Euro",Netherlands,2022,4933.0
"National currency, Current prices, Millions, Norwegian krone",Norway,2022,19699.0
"National currency, Current prices, Millions, Zloty",Poland,2022,11604.24
"National currency, Current prices, Millions, Euro",Portugal,2022,787.61
"National currency, Current prices, Millions, Euro",Slovak Republic,2022,295.83
"National currency, Current prices, Millions, Euro",Slovenia,2022,224.43
"National currency, Current prices, Millions, Euro",Spain,2022,5998.0
"National currency, Current prices, Millions, Swedish krona",Sweden,2022,34584.0
"National currency, Current prices, Millions, Swiss franc",Switzerland,2022,2669.14
"National currency, Current prices, Millions, Pound sterling",United Kingdom,2022,4474.0
"National currency, Current prices, Millions",Euro area (20 countries),2022,49641.92
"National currency, Current prices, Millions, Euro",European Union (27 countries from 01/02/2020),2022,60254.72
"National currency, Current prices, Millions, Bulgarian lev",Non-OECD economies,2022,
"National currency, Current prices, Millions, Bulgarian lev",Bulgaria,2022,196.79
"National currency, Current prices, Millions, Euro",Croatia,2022,257.9
"National currency, Current prices, Millions, Romanian leu",Romania,2022,4115.9
