"edition_id","country_noc","participants"
1,"AUS",2
1,"AUT",3
1,"BUL",1
1,"DEN",4
1,"FRA",19
1,"GBR",14
1,"GER",22
1,"GRE",139
1,"HUN",14
1,"ITA",5
1,"SUI",2
1,"SWE",3
1,"USA",22
2,"ARG",3
2,"AUS",2
2,"AUT",21
2,"BEL",66
2,"BOH",11
2,"CUB",1
2,"DEN",13
2,"ESP",11
2,"FRA",1042
2,"GBR",94
2,"GER",57
2,"GRE",2
2,"HAI",2
2,"HUN",22
2,"IND",1
2,"IRI",1
2,"ITA",42
2,"MEX",1
2,"NED",35
2,"NOR",8
2,"PER",3
2,"ROU",1
2,"RUS",6
2,"SUI",27
2,"SWE",11
2,"UNK",4
2,"USA",92
3,"AUS",4
3,"CAN",19
3,"CUB",4
3,"GBR",5
3,"GER",22
3,"GRE",13
3,"HUN",4
3,"ITA",1
3,"RSA",4
3,"USA",920
5,"ANZ",18
5,"ARG",1
5,"AUT",22
5,"BEL",66
5,"BOH",29
5,"CAN",73
5,"DEN",48
5,"FIN",41
5,"FRA",197
5,"GBR",524
5,"GER",93
5,"GRE",22
5,"HUN",129
5,"ISL",5
5,"ITA",54
5,"NED",102
5,"NOR",39
5,"RSA",20
5,"RUS",7
5,"SUI",4
5,"SWE",121
5,"TUR",1
5,"USA",157
6,"ANZ",19
6,"AUT",84
6,"BEL",40
6,"BOH",61
6,"CAN",32
6,"CHI",16
6,"DEN",97
6,"FIN",118
6,"FRA",206
6,"GBR",253
6,"GER",148
6,"GRE",36
6,"HUN",147
6,"ISL",6
6,"ITA",74
6,"JPN",2
6,"LUX",10
6,"NED",25
6,"NOR",117
6,"POL",1
6,"POR",8
6,"RSA",25
6,"RUS",159
6,"SRB",3
6,"SUI",7
6,"SWE",386
6,"TUR",2
6,"UNK",2
6,"USA",229
7,"ARG",1
7,"AUS",16
7,"BEL",219
7,"BRA",14
7,"CAN",45
7,"CHI",2
7,"DEN",107
7,"EGY",8
7,"ESP",41
7,"EST",14
7,"FIN",69
7,"FRA",241
7,"GBR",162
7,"GRE",40
7,"IND",6
7,"ITA",133
7,"JPN",16
7,"LUX",16
7,"MON",4
7,"NED",90
7,"NOR",100
7,"NZL",4
7,"POR",14
7,"RSA",48
7,"SUI",58
7,"SWE",204
7,"TCH",79
7,"USA",258
7,"YUG",1
8,"ARG",64
8,"AUS",32
8,"AUT",78
8,"BEL",154
8,"BRA",13
8,"BUL",16
8,"CAN",63
8,"CHI",16
8,"CUB",11
8,"DEN",105
8,"ECU",3
8,"EGY",13
8,"ESP",91
8,"EST",30
8,"FIN",133
8,"FRA",363
8,"GBR",247
8,"GRE",43
8,"HAI",9
8,"HUN",103
8,"IND",18
8,"IRL",38
8,"ITA",194
8,"JPN",22
8,"LAT",27
8,"LTU",3
8,"LUX",48
8,"MEX",21
8,"MON",7
8,"NED",149
8,"NOR",71
8,"NZL",4
8,"PHI",3
8,"POL",56
8,"POR",29
8,"ROU",12
8,"RSA",32
8,"RUS",4
8,"SUI",124
8,"SWE",152
8,"TCH",145
8,"TUR",19
8,"URU",18
8,"USA",253
8,"YUG",40
9,"ARG",54
9,"AUS",19
9,"AUT",64
9,"BEL",140
9,"BUL",6
9,"CAN",69
9,"CHI",28
9,"CUB",1
9,"DEN",69
9,"EGY",18
9,"ESP",44
9,"EST",21
9,"FIN",82
9,"FRA",255
9,"GBR",197
9,"GER",247
9,"GRE",32
9,"HAI",2
9,"HUN",106
9,"IND",10
9,"IRL",34
9,"ITA",126
9,"JPN",36
9,"LAT",16
9,"LTU",14
9,"LUX",38
9,"MEX",21
9,"MLT",1
9,"MON",7
9,"NED",208
9,"NOR",62
9,"NZL",10
9,"PAN",1
9,"PHI",4
9,"POL",87
9,"POR",20
9,"ROU",22
9,"RSA",27
9,"SUI",101
9,"SWE",102
9,"TCH",74
9,"TUR",23
9,"URU",1
9,"USA",245
9,"YUG",37
9,"ZIM",2
10,"ARG",38
10,"AUS",12
10,"AUT",19
10,"BEL",36
10,"BRA",53
10,"BUL",2
10,"CAN",86
10,"CHN",1
10,"COL",2
10,"CUB",8
10,"DEN",48
10,"ESA",1
10,"ESP",7
10,"EST",2
10,"FIN",42
10,"FRA",100
10,"GBR",102
10,"GER",128
10,"GRE",13
10,"GUA",1
10,"HAI",3
10,"HUN",51
10,"IND",6
10,"IRL",16
10,"ITA",87
10,"JPN",133
10,"LAT",5
10,"LUX",3
10,"MEX",79
10,"MON",1
10,"NED",45
10,"NOR",7
10,"NZL",13
10,"PER",2
10,"PHI",8
10,"POL",46
10,"POR",6
10,"ROU",1
10,"RSA",12
10,"SUI",7
10,"SWE",82
10,"TCH",27
10,"TUR",1
10,"URU",2
10,"USA",403
10,"VEN",1
10,"YUG",2
11,"AFG",3
11,"ARG",40
11,"AUS",25
11,"AUT",205
11,"BEL",113
11,"BER",7
11,"BOL",2
11,"BRA",55
11,"BUL",28
11,"CAN",94
11,"CHI",40
11,"CHN",37
11,"COL",7
11,"CRC",1
11,"DEN",102
11,"EGY",38
11,"EST",26
11,"FIN",93
11,"FRA",165
11,"GBR",153
11,"GER",322
11,"GRE",47
11,"HUN",149
11,"IND",9
11,"ISL",5
11,"ITA",189
11,"JPN",177
11,"LAT",26
11,"LIE",6
11,"LUX",40
11,"MEX",19
11,"MLT",5
11,"MON",8
11,"NED",133
11,"NOR",51
11,"NZL",7
11,"PER",31
11,"PHI",22
11,"POL",98
11,"POR",18
11,"ROU",45
11,"RSA",36
11,"SUI",144
11,"SWE",144
11,"TCH",161
11,"TUR",32
11,"URU",19
11,"USA",269
11,"YUG",85
12,"AFG",2
12,"ARG",150
12,"AUS",66
12,"AUT",126
12,"BEL",101
12,"BER",14
12,"BRA",65
12,"CAN",108
12,"CHI",40
12,"CHN",12
12,"COL",7
12,"CUB",40
12,"DEN",104
12,"EGY",67
12,"ESP",60
12,"FIN",126
12,"FRA",237
12,"GBR",324
12,"GRE",53
12,"GUY",4
12,"HUN",119
12,"IND",44
12,"IRI",24
12,"IRL",64
12,"IRQ",3
12,"ISL",21
12,"ITA",145
12,"JAM",17
12,"KOR",29
12,"LBN",8
12,"LIE",2
12,"LUX",37
12,"MEX",76
12,"MLT",1
12,"MON",4
12,"MYA",5
12,"NED",104
12,"NOR",62
12,"NZL",7
12,"PAK",20
12,"PAN",1
12,"PER",34
12,"PHI",17
12,"POL",41
12,"POR",33
12,"PUR",9
12,"RSA",33
12,"SGP",1
12,"SRI",7
12,"SUI",129
12,"SWE",148
12,"SYR",1
12,"TCH",64
12,"TTO",5
12,"TUR",56
12,"URU",39
12,"USA",226
12,"VEN",1
12,"YUG",47
13,"AHO",1
13,"ARG",97
13,"AUS",73
13,"AUT",101
13,"BAH",3
13,"BEL",88
13,"BER",6
13,"BRA",67
13,"BUL",45
13,"CAN",90
13,"CHI",44
13,"CHN",1
13,"CUB",18
13,"DEN",94
13,"EGY",77
13,"ESP",29
13,"FIN",228
13,"FRA",196
13,"GBR",214
13,"GER",178
13,"GHA",7
13,"GRE",31
13,"GUA",21
13,"GUY",1
13,"HKG",4
13,"HUN",149
13,"INA",4
13,"IND",40
13,"IRI",25
13,"IRL",45
13,"ISL",13
13,"ISR",15
13,"ITA",163
13,"JAM",9
13,"JPN",70
13,"KOR",20
13,"LBN",9
13,"LIE",2
13,"LUX",39
13,"MEX",54
13,"MON",7
13,"MYA",6
13,"NED",74
13,"NGR",10
13,"NOR",82
13,"NZL",11
13,"PAK",28
13,"PAN",5
13,"PHI",14
13,"POL",118
13,"POR",67
13,"PUR",22
13,"ROU",104
13,"RSA",55
13,"SAA",34
13,"SGP",5
13,"SRI",6
13,"SUI",122
13,"SWE",175
13,"TCH",84
13,"THA",10
13,"TTO",2
13,"TUR",33
13,"URS",242
13,"URU",21
13,"USA",232
13,"VEN",42
13,"VNM",10
13,"YUG",68
14,"AFG",1
14,"ARG",25
14,"AUS",224
14,"AUT",28
14,"BAH",3
14,"BEL",40
14,"BER",1
14,"BRA",30
14,"BUL",21
14,"CAN",69
14,"CHI",22
14,"COL",32
14,"CUB",8
14,"DEN",23
14,"ETH",15
14,"FIJ",5
14,"FIN",60
14,"FRA",112
14,"GBR",147
14,"GER",115
14,"GRE",12
14,"GUY",4
14,"HKG",2
14,"HUN",96
14,"INA",10
14,"IND",27
14,"IRI",17
14,"IRL",13
14,"ISL",2
14,"ISR",3
14,"ITA",93
14,"JAM",7
14,"JPN",89
14,"KEN",13
14,"KOR",26
14,"LBR",7
14,"LUX",12
14,"MAL",17
14,"MEX",26
14,"MYA",10
14,"NBO",2
14,"NGR",11
14,"NOR",14
14,"NZL",28
14,"PAK",47
14,"PER",8
14,"PHI",29
14,"POL",61
14,"POR",2
14,"PUR",13
14,"ROU",38
14,"RSA",52
14,"SGP",12
14,"SRI",3
14,"SWE",83
14,"TCH",61
14,"THA",17
14,"TPE",10
14,"TTO",7
14,"TUR",13
14,"UGA",3
14,"URS",217
14,"URU",11
14,"USA",229
14,"VEN",23
14,"VNM",7
14,"YUG",15
15,"AFG",13
15,"AHO",5
15,"ARG",60
15,"AUS",139
15,"AUT",97
15,"BAH",8
15,"BEL",71
15,"BER",4
15,"BRA",38
15,"BUL",80
15,"CAN",71
15,"CHI",9
15,"COL",16
15,"CUB",11
15,"DEN",54
15,"ESP",105
15,"ETH",11
15,"FIJ",2
15,"FIN",107
15,"FRA",162
15,"GBR",194
15,"GER",238
15,"GHA",13
15,"GRE",40
15,"GUY",5
15,"HAI",1
15,"HKG",4
15,"HUN",143
15,"INA",23
15,"IND",29
15,"IRI",23
15,"IRL",50
15,"IRQ",21
15,"ISL",9
15,"ISR",24
15,"ITA",188
15,"JPN",124
15,"KEN",11
15,"KOR",37
15,"LBN",18
15,"LBR",5
15,"LIE",5
15,"LUX",50
15,"MAL",9
15,"MAR",51
15,"MEX",62
15,"MLT",10
15,"MON",9
15,"MYA",9
15,"NED",71
15,"NGR",11
15,"NOR",34
15,"NZL",23
15,"PAK",33
15,"PAN",6
15,"PER",12
15,"PHI",28
15,"POL",148
15,"POR",61
15,"PUR",16
15,"RHO",12
15,"ROU",90
15,"RSA",42
15,"SGP",3
15,"SMR",10
15,"SRI",5
15,"SUD",10
15,"SUI",114
15,"SWE",128
15,"TCH",83
15,"THA",18
15,"TPE",16
15,"TUN",32
15,"TUR",38
15,"UAR",41
15,"UGA",12
15,"URS",231
15,"URU",21
15,"USA",231
15,"VEN",36
15,"VNM",4
15,"WIF",13
15,"YUG",72
15,"ZIM",2
16,"AFG",8
16,"AHO",4
16,"ALG",1
16,"ARG",82
16,"AUS",186
16,"AUT",52
16,"BAH",6
16,"BEL",34
16,"BER",2
16,"BOL",3
16,"BRA",19
16,"BUL",56
16,"CAM",10
16,"CAN",78
16,"CGO",2
16,"CHA",2
16,"CHI",14
16,"CIV",9
16,"CMR",1
16,"COL",22
16,"CRC",2
16,"CUB",21
16,"DEN",42
16,"DOM",1
16,"EGY",33
16,"ESP",39
16,"ETH",13
16,"FIN",72
16,"FRA",117
16,"GBR",183
16,"GER",271
16,"GHA",21
16,"GRE",17
16,"GUY",1
16,"HKG",21
16,"HUN",141
16,"IND",38
16,"IRI",51
16,"IRL",24
16,"IRQ",14
16,"ISL",4
16,"ISR",10
16,"ITA",122
16,"JAM",18
16,"JPN",278
16,"KEN",22
16,"KOR",104
16,"LBN",6
16,"LBR",1
16,"LIE",2
16,"LUX",12
16,"MAD",3
16,"MAR",9
16,"MAS",45
16,"MEX",70
16,"MGL",22
16,"MLI",2
16,"MON",1
16,"MYA",11
16,"NED",72
16,"NEP",6
16,"NGR",15
16,"NIG",1
16,"NOR",17
16,"NZL",39
16,"PAK",25
16,"PAN",12
16,"PER",21
16,"PHI",43
16,"POL",113
16,"POR",17
16,"PUR",21
16,"ROU",98
16,"SEN",8
16,"SRI",6
16,"SUI",61
16,"SWE",96
16,"TAN",4
16,"TCH",63
16,"THA",50
16,"TPE",42
16,"TTO",13
16,"TUN",10
16,"TUR",22
16,"UGA",16
16,"URS",252
16,"URU",11
16,"USA",264
16,"VEN",15
16,"VNM",16
16,"YUG",29
16,"ZAM",12
16,"ZIM",14
17,"AFG",5
17,"AHO",5
17,"ALG",3
17,"ARG",72
17,"AUS",109
17,"AUT",42
17,"BAH",14
17,"BAR",10
17,"BEL",52
17,"BER",4
17,"BIZ",7
17,"BOL",4
17,"BRA",33
17,"BUL",73
17,"CAF",1
17,"CAN",132
17,"CHA",4
17,"CHI",22
17,"CIV",7
17,"CMR",6
17,"COD",5
17,"COL",28
17,"CRC",20
17,"CUB",98
17,"DEN",49
17,"DOM",17
17,"ECU",23
17,"EGY",21
17,"ESA",45
17,"ESP",68
17,"ETH",20
17,"FIJ",1
17,"FIN",66
17,"FRA",152
17,"FRG",229
17,"GBR",200
17,"GDR",168
17,"GHA",19
17,"GRE",33
17,"GUA",31
17,"GUI",1
17,"GUY",5
17,"HKG",8
17,"HON",6
17,"HUN",144
17,"INA",5
17,"IND",12
17,"IRI",14
17,"IRL",34
17,"IRQ",3
17,"ISL",8
17,"ISR",13
17,"ISV",5
17,"ITA",147
17,"JAM",27
17,"JPN",122
17,"KEN",30
17,"KOR",35
17,"KUW",2
17,"LBA",1
17,"LBN",11
17,"LIE",2
17,"LUX",5
17,"MAD",4
17,"MAR",15
17,"MAS",15
17,"MEX",191
17,"MGL",16
17,"MLI",2
17,"MLT",1
17,"MON",2
17,"MYA",4
17,"NCA",11
17,"NED",65
17,"NGR",20
17,"NIG",2
17,"NOR",39
17,"NZL",28
17,"PAK",3
17,"PAN",5
17,"PAR",1
17,"PER",18
17,"PHI",42
17,"POL",144
17,"POR",17
17,"PUR",54
17,"ROU",72
17,"SEN",11
17,"SGP",5
17,"SLE",3
17,"SMR",4
17,"SRI",3
17,"SUD",5
17,"SUI",77
17,"SUR",1
17,"SWE",99
17,"SYR",2
17,"TAN",4
17,"TCH",71
17,"THA",25
17,"TPE",43
17,"TTO",16
17,"TUN",7
17,"TUR",29
17,"UGA",11
17,"URS",250
17,"URU",26
17,"USA",293
17,"VEN",23
17,"VNM",11
17,"YUG",48
17,"ZAM",7
18,"AFG",8
18,"AHO",2
18,"ALB",5
18,"ALG",5
18,"ARG",62
18,"AUS",116
18,"AUT",85
18,"BAH",14
18,"BAR",13
18,"BEL",60
18,"BEN",4
18,"BER",4
18,"BIZ",1
18,"BOL",11
18,"BRA",40
18,"BUL",112
18,"BUR",1
18,"CAM",11
18,"CAN",189
18,"CGO",6
18,"CHA",4
18,"CHI",11
18,"CIV",9
18,"CMR",12
18,"COL",44
18,"CRC",3
18,"CUB",89
18,"DEN",79
18,"DOM",5
18,"ECU",6
18,"EGY",14
18,"ESA",14
18,"ESP",60
18,"ETH",29
18,"FIJ",2
18,"FIN",91
18,"FRA",185
18,"FRG",299
18,"GAB",2
18,"GBR",255
18,"GDR",227
18,"GHA",20
18,"GRE",46
18,"GUA",8
18,"GUY",3
18,"HAI",7
18,"HKG",8
18,"HUN",170
18,"INA",10
18,"IND",29
18,"IRI",32
18,"IRL",59
18,"ISL",11
18,"ISR",13
18,"ISV",11
18,"ITA",172
18,"JAM",30
18,"JPN",136
18,"KEN",41
18,"KOR",25
18,"KSA",12
18,"KUW",6
18,"LBN",22
18,"LBR",7
18,"LES",1
18,"LIE",6
18,"LUX",11
18,"MAD",9
18,"MAR",18
18,"MAS",18
18,"MAW",16
18,"MEX",131
18,"MGL",39
18,"MLI",3
18,"MLT",2
18,"MON",5
18,"MYA",6
18,"NCA",9
18,"NED",86
18,"NEP",2
18,"NGR",22
18,"NIG",4
18,"NOR",77
18,"NZL",52
18,"PAK",13
18,"PAN",7
18,"PAR",4
18,"PER",20
18,"PHI",43
18,"POL",195
18,"POR",27
18,"PRK",25
18,"PUR",41
18,"ROU",115
18,"SEN",24
18,"SGP",7
18,"SMR",7
18,"SOM",4
18,"SRI",4
18,"SUD",13
18,"SUI",136
18,"SUR",2
18,"SWE",109
18,"SWZ",2
18,"SYR",5
18,"TAN",15
18,"TCH",108
18,"THA",32
18,"TOG",8
18,"TPE",22
18,"TTO",21
18,"TUN",10
18,"TUR",43
18,"UGA",17
18,"URS",265
18,"URU",11
18,"USA",315
18,"VEN",21
18,"VNM",2
18,"YUG",76
18,"ZAM",11
19,"AHO",4
19,"AND",3
19,"ANT",9
19,"ARG",53
19,"AUS",131
19,"AUT",59
19,"BAH",12
19,"BAR",10
19,"BEL",83
19,"BER",15
19,"BIZ",4
19,"BOL",4
19,"BRA",45
19,"BUL",123
19,"CAN",240
19,"CAY",1
19,"CHI",7
19,"CIV",7
19,"CMR",5
19,"COL",31
19,"CRC",5
19,"CUB",95
19,"DEN",41
19,"DOM",11
19,"ECU",5
19,"EGY",10
19,"ESP",71
19,"FIJ",2
19,"FIN",76
19,"FRA",162
19,"FRG",212
19,"GBR",212
19,"GDR",185
19,"GRE",33
19,"GUA",11
19,"HAI",13
19,"HKG",27
19,"HON",3
19,"HUN",134
19,"INA",7
19,"IND",11
19,"IRI",63
19,"IRL",34
19,"ISL",13
19,"ISR",11
19,"ISV",19
19,"ITA",161
19,"JAM",23
19,"JPN",142
19,"KOR",28
19,"KSA",14
19,"KUW",15
19,"LBN",3
19,"LIE",6
19,"LUX",8
19,"MAR",12
19,"MAS",8
19,"MEX",63
19,"MGL",32
19,"MON",6
19,"NCA",17
19,"NED",62
19,"NEP",1
19,"NOR",48
19,"NZL",48
19,"PAK",9
19,"PAN",8
19,"PAR",4
19,"PER",2
19,"PHI",13
19,"PNG",6
19,"POL",148
19,"POR",20
19,"PRK",24
19,"PUR",71
19,"ROU",103
19,"SEN",23
19,"SGP",4
19,"SMR",10
19,"SUI",45
19,"SUR",3
19,"SWE",108
19,"TCH",90
19,"THA",41
19,"TTO",12
19,"TUN",9
19,"TUR",27
19,"URS",272
19,"URU",10
19,"USA",313
19,"VEN",35
19,"YUG",50
20,"AFG",11
20,"ALG",31
20,"AND",2
20,"ANG",14
20,"AUS",86
20,"AUT",61
20,"BEL",54
20,"BEN",16
20,"BOT",7
20,"BRA",66
20,"BUL",192
20,"CGO",9
20,"CMR",25
20,"COL",7
20,"CRC",14
20,"CUB",103
20,"CYP",12
20,"DEN",33
20,"DOM",6
20,"ECU",11
20,"ESP",80
20,"ETH",38
20,"FIN",91
20,"FRA",109
20,"GBR",187
20,"GDR",241
20,"GRE",28
20,"GUA",9
20,"GUI",9
20,"GUY",8
20,"HUN",184
20,"IND",34
20,"IRL",40
20,"IRQ",27
20,"ISL",9
20,"ITA",113
20,"JAM",19
20,"JOR",4
20,"KUW",31
20,"LAO",19
20,"LBA",21
20,"LBN",15
20,"LES",5
20,"LUX",3
20,"MAD",11
20,"MEX",48
20,"MGL",43
20,"MLI",7
20,"MLT",9
20,"MOZ",14
20,"MYA",2
20,"NCA",5
20,"NED",56
20,"NEP",11
20,"NGR",28
20,"NZL",5
20,"PER",19
20,"POL",206
20,"POR",11
20,"PRK",49
20,"PUR",3
20,"ROU",155
20,"SEN",21
20,"SEY",12
20,"SLE",16
20,"SMR",16
20,"SRI",1
20,"SUI",44
20,"SWE",112
20,"SYR",53
20,"TAN",26
20,"TCH",125
20,"TTO",8
20,"UGA",13
20,"URS",314
20,"VEN",22
20,"VIE",31
20,"YUG",72
20,"ZAM",25
20,"ZIM",28
21,"AHO",9
21,"ALG",19
21,"AND",2
21,"ANT",15
21,"ARG",70
21,"AUS",165
21,"AUT",85
21,"BAH",20
21,"BAN",1
21,"BAR",15
21,"BEL",63
21,"BEN",3
21,"BER",11
21,"BHU",6
21,"BIZ",10
21,"BOL",11
21,"BOT",7
21,"BRA",78
21,"BRN",11
21,"CAF",3
21,"CAN",270
21,"CAY",8
21,"CGO",10
21,"CHA",3
21,"CHI",27
21,"CHN",143
21,"CIV",14
21,"CMR",33
21,"COD",8
21,"COL",39
21,"CRC",12
21,"CYP",10
21,"DEN",39
21,"DJI",3
21,"DOM",21
21,"ECU",11
21,"EGY",82
21,"ESA",10
21,"ESP",124
21,"FIJ",14
21,"FIN",88
21,"FRA",189
21,"FRG",258
21,"GAB",4
21,"GAM",9
21,"GBR",286
21,"GEQ",4
21,"GHA",20
21,"GRE",50
21,"GRN",7
21,"GUA",26
21,"GUI",1
21,"GUY",10
21,"HAI",4
21,"HKG",52
21,"HON",12
21,"INA",16
21,"IND",33
21,"IRL",43
21,"IRQ",9
21,"ISL",15
21,"ISR",31
21,"ISV",30
21,"ITA",197
21,"IVB",7
21,"JAM",45
21,"JOR",13
21,"JPN",186
21,"KEN",45
21,"KOR",119
21,"KSA",24
21,"KUW",25
21,"LBN",22
21,"LBR",6
21,"LES",4
21,"LIE",7
21,"LUX",5
21,"MAD",5
21,"MAR",21
21,"MAS",6
21,"MAW",16
21,"MEX",102
21,"MLI",4
21,"MLT",7
21,"MON",8
21,"MOZ",9
21,"MRI",4
21,"MTN",2
21,"MYA",1
21,"NCA",6
21,"NED",85
21,"NEP",11
21,"NGR",29
21,"NIG",4
21,"NOR",76
21,"NZL",82
21,"OMA",17
21,"PAK",13
21,"PAN",8
21,"PAR",16
21,"PER",26
21,"PHI",20
21,"PNG",7
21,"POR",38
21,"PUR",47
21,"QAT",10
21,"ROU",85
21,"RWA",3
21,"SAM",8
21,"SEN",22
21,"SEY",9
21,"SGP",7
21,"SLE",7
21,"SMR",19
21,"SOL",3
21,"SOM",7
21,"SRI",3
21,"SUD",7
21,"SUI",114
21,"SUR",5
21,"SWE",153
21,"SWZ",8
21,"SYR",9
21,"TAN",19
21,"TGA",7
21,"THA",34
21,"TOG",6
21,"TPE",39
21,"TTO",14
21,"TUN",12
21,"TUR",47
21,"UAE",8
21,"UGA",27
21,"URU",6
21,"USA",363
21,"VEN",28
21,"YAR",2
21,"YUG",62
21,"ZAM",16
21,"ZIM",16
22,"AFG",5
22,"AHO",3
22,"ALG",31
22,"AND",3
22,"ANG",25
22,"ANT",16
22,"ARG",52
22,"ARU",9
22,"ASA",6
22,"AUS",170
22,"AUT",79
22,"BAH",15
22,"BAN",7
22,"BAR",17
22,"BEL",58
22,"BEN",5
22,"BER",11
22,"BHU",4
22,"BIZ",10
22,"BOL",7
22,"BOT",8
22,"BRA",109
22,"BRN",12
22,"BUL",122
22,"BUR",6
22,"CAF",4
22,"CAN",267
22,"CAY",6
22,"CGO",5
22,"CHA",6
22,"CHI",16
22,"CHN",213
22,"CIV",12
22,"CMR",15
22,"COD",16
22,"COK",7
22,"COL",38
22,"CRC",18
22,"CYP",9
22,"DEN",85
22,"DJI",6
22,"DOM",17
22,"ECU",16
22,"EGY",45
22,"ESA",6
22,"ESP",171
22,"FIJ",21
22,"FIN",80
22,"FRA",237
22,"FRG",267
22,"GAB",3
22,"GAM",6
22,"GBR",289
22,"GDR",192
22,"GEQ",6
22,"GHA",13
22,"GRE",35
22,"GRN",6
22,"GUA",12
22,"GUI",6
22,"GUM",19
22,"GUY",8
22,"HAI",4
22,"HKG",53
22,"HON",8
22,"HUN",155
22,"INA",31
22,"IND",32
22,"IRI",26
22,"IRL",55
22,"IRQ",12
22,"ISL",17
22,"ISR",18
22,"ISV",27
22,"ITA",187
22,"IVB",3
22,"JAM",30
22,"JOR",9
22,"JPN",222
22,"KEN",60
22,"KOR",289
22,"KSA",14
22,"KUW",27
22,"LAO",3
22,"LBA",6
22,"LBN",21
22,"LBR",8
22,"LES",6
22,"LIE",12
22,"LUX",8
22,"MAR",28
22,"MAS",15
22,"MAW",16
22,"MDV",5
22,"MEX",92
22,"MGL",29
22,"MLI",6
22,"MLT",6
22,"MON",9
22,"MOZ",8
22,"MRI",9
22,"MTN",6
22,"MYA",2
22,"NED",109
22,"NEP",18
22,"NGR",50
22,"NIG",8
22,"NOR",45
22,"NZL",70
22,"OMA",9
22,"PAK",14
22,"PAN",6
22,"PAR",11
22,"PER",10
22,"PHI",34
22,"PNG",11
22,"POL",133
22,"POR",62
22,"PUR",38
22,"QAT",11
22,"ROU",53
22,"RWA",6
22,"SAM",11
22,"SEN",23
22,"SGP",10
22,"SLE",14
22,"SMR",11
22,"SOL",5
22,"SOM",5
22,"SRI",6
22,"SUD",8
22,"SUI",94
22,"SUR",6
22,"SWE",138
22,"SWZ",12
22,"SYR",13
22,"TAN",10
22,"TCH",112
22,"TGA",5
22,"THA",12
22,"TOG",6
22,"TPE",78
22,"TTO",6
22,"TUN",12
22,"TUR",51
22,"UAE",13
22,"UGA",25
22,"URS",317
22,"URU",12
22,"USA",387
22,"VAN",6
22,"VEN",18
22,"VIE",9
22,"VIN",8
22,"YAR",8
22,"YMD",5
22,"YUG",75
22,"ZAM",13
22,"ZIM",31
23,"AHO",4
23,"ALB",7
23,"ALG",27
23,"AND",7
23,"ANG",18
23,"ANT",12
23,"ARG",65
23,"ARU",5
23,"ASA",3
23,"AUS",186
23,"AUT",80
23,"BAH",13
23,"BAN",6
23,"BAR",14
23,"BEL",65
23,"BEN",6
23,"BER",16
23,"BHU",8
23,"BIH",10
23,"BIZ",11
23,"BOL",12
23,"BOT",6
23,"BRA",120
23,"BRN",11
23,"BUL",129
23,"BUR",4
23,"CAF",15
23,"CAN",253
23,"CAY",8
23,"CGO",6
23,"CHA",6
23,"CHI",15
23,"CHN",193
23,"CIV",11
23,"CMR",9
23,"COD",16
23,"COK",2
23,"COL",31
23,"CRC",16
23,"CRO",24
23,"CUB",108
23,"CYP",16
23,"DEN",77
23,"DJI",8
23,"DOM",13
23,"ECU",13
23,"EGY",34
23,"ESA",4
23,"ESP",261
23,"EST",33
23,"ETH",19
23,"EUN",340
23,"FIJ",16
23,"FIN",86
23,"FRA",276
23,"GAB",5
23,"GAM",4
23,"GBR",294
23,"GEQ",7
23,"GER",338
23,"GHA",18
23,"GRE",55
23,"GRN",4
23,"GUA",17
23,"GUI",8
23,"GUM",24
23,"GUY",6
23,"HAI",7
23,"HKG",39
23,"HON",10
23,"HUN",187
23,"INA",41
23,"IND",40
23,"IOA",59
23,"IRI",41
23,"IRL",57
23,"IRQ",8
23,"ISL",15
23,"ISR",28
23,"ISV",22
23,"ITA",215
23,"IVB",2
23,"JAM",33
23,"JOR",7
23,"JPN",207
23,"KEN",49
23,"KOR",161
23,"KSA",10
23,"KUW",17
23,"LAO",6
23,"LAT",35
23,"LBA",5
23,"LBN",12
23,"LES",6
23,"LIE",7
23,"LTU",32
23,"LUX",6
23,"MAD",14
23,"MAR",31
23,"MAS",10
23,"MAW",4
23,"MDV",7
23,"MEX",97
23,"MGL",33
23,"MLI",5
23,"MLT",6
23,"MON",2
23,"MOZ",6
23,"MRI",12
23,"MTN",6
23,"MYA",4
23,"NAM",6
23,"NCA",8
23,"NED",127
23,"NEP",3
23,"NGR",41
23,"NIG",3
23,"NOR",57
23,"NZL",92
23,"OMA",5
23,"PAK",11
23,"PAN",5
23,"PAR",10
23,"PER",16
23,"PHI",29
23,"PNG",14
23,"POL",169
23,"POR",79
23,"PRK",66
23,"PUR",47
23,"QAT",10
23,"ROU",133
23,"RSA",85
23,"RWA",10
23,"SAM",5
23,"SEN",19
23,"SEY",11
23,"SGP",14
23,"SLE",9
23,"SLO",28
23,"SMR",15
23,"SOL",1
23,"SRI",11
23,"SUD",6
23,"SUI",98
23,"SUR",6
23,"SWE",145
23,"SWZ",6
23,"SYR",9
23,"TAN",9
23,"TCH",133
23,"TGA",5
23,"THA",39
23,"TOG",5
23,"TPE",19
23,"TTO",8
23,"TUN",15
23,"TUR",49
23,"UAE",17
23,"UGA",8
23,"URU",16
23,"USA",403
23,"VAN",6
23,"VEN",21
23,"VIE",7
23,"VIN",6
23,"YEM",9
23,"ZAM",9
23,"ZIM",17
24,"AFG",2
24,"AHO",6
24,"ALB",7
24,"ALG",31
24,"AND",7
24,"ANG",6
24,"ANT",8
24,"ARG",94
24,"ARM",32
24,"ARU",3
24,"ASA",6
24,"AUS",264
24,"AUT",64
24,"AZE",23
24,"BAH",23
24,"BAN",4
24,"BAR",13
24,"BDI",7
24,"BEL",61
24,"BEN",4
24,"BER",8
24,"BHU",2
24,"BIH",9
24,"BIZ",5
24,"BLR",142
24,"BOL",8
24,"BOT",4
24,"BRA",115
24,"BRN",3
24,"BRU",1
24,"BUL",93
24,"BUR",6
24,"CAF",5
24,"CAM",5
24,"CAN",229
24,"CAY",7
24,"CGO",5
24,"CHA",4
24,"CHI",17
24,"CHN",200
24,"CIV",9
24,"CMR",12
24,"COD",3
24,"COK",3
24,"COL",47
24,"COM",4
24,"CPV",4
24,"CRC",11
24,"CRO",45
24,"CUB",104
24,"CYP",16
24,"CZE",109
24,"DEN",67
24,"DJI",5
24,"DMA",6
24,"DOM",16
24,"ECU",19
24,"EGY",14
24,"ESA",8
24,"ESP",198
24,"EST",43
24,"ETH",18
24,"FIJ",14
24,"FIN",75
24,"FRA",235
24,"GAB",6
24,"GAM",6
24,"GBR",223
24,"GBS",3
24,"GEO",33
24,"GEQ",5
24,"GER",320
24,"GHA",16
24,"GRE",93
24,"GRN",2
24,"GUA",26
24,"GUI",5
24,"GUM",8
24,"GUY",6
24,"HAI",7
24,"HKG",21
24,"HON",7
24,"HUN",163
24,"INA",28
24,"IND",32
24,"IRI",18
24,"IRL",68
24,"IRQ",3
24,"ISL",9
24,"ISR",25
24,"ISV",10
24,"ITA",226
24,"IVB",6
24,"JAM",44
24,"JOR",5
24,"JPN",199
24,"KAZ",99
24,"KEN",50
24,"KGZ",36
24,"KOR",181
24,"KSA",15
24,"KUW",14
24,"LAO",2
24,"LAT",46
24,"LBA",5
24,"LBN",1
24,"LBR",4
24,"LCA",5
24,"LES",5
24,"LIE",2
24,"LTU",50
24,"LUX",6
24,"MAD",10
24,"MAR",34
24,"MAS",19
24,"MAW",2
24,"MDA",40
24,"MDV",6
24,"MEX",77
24,"MGL",16
24,"MKD",11
24,"MLI",3
24,"MLT",7
24,"MON",3
24,"MOZ",4
24,"MRI",25
24,"MTN",4
24,"MYA",3
24,"NAM",8
24,"NCA",7
24,"NED",110
24,"NEP",6
24,"NGR",53
24,"NIG",3
24,"NOR",54
24,"NRU",3
24,"NZL",80
24,"OMA",4
24,"PAK",9
24,"PAN",7
24,"PAR",7
24,"PER",20
24,"PHI",12
24,"PLE",1
24,"PNG",11
24,"POL",138
24,"POR",82
24,"PRK",25
24,"PUR",43
24,"QAT",10
24,"ROU",136
24,"RSA",66
24,"RUS",300
24,"RWA",4
24,"SAM",5
24,"SCG",35
24,"SEN",9
24,"SEY",9
24,"SGP",15
24,"SKN",5
24,"SLE",9
24,"SLO",32
24,"SMR",7
24,"SOL",4
24,"SOM",4
24,"SRI",9
24,"STP",2
24,"SUD",4
24,"SUI",95
24,"SUR",7
24,"SVK",67
24,"SWE",130
24,"SWZ",6
24,"SYR",7
24,"TAN",7
24,"TGA",5
24,"THA",28
24,"TJK",8
24,"TKM",7
24,"TOG",4
24,"TPE",62
24,"TTO",12
24,"TUN",24
24,"TUR",53
24,"UAE",4
24,"UGA",11
24,"UKR",177
24,"URU",14
24,"USA",406
24,"UZB",67
24,"VAN",4
24,"VEN",39
24,"VIE",6
24,"VIN",6
24,"YEM",5
24,"ZAM",8
24,"ZIM",15
25,"AHO",8
25,"ALB",4
25,"ALG",46
25,"AND",5
25,"ANG",7
25,"ANT",3
25,"ARG",91
25,"ARM",25
25,"ARU",5
25,"ASA",4
25,"AUS",364
25,"AUT",72
25,"AZE",31
25,"BAH",22
25,"BAN",5
25,"BAR",17
25,"BDI",6
25,"BEL",67
25,"BEN",4
25,"BER",5
25,"BHU",2
25,"BIH",9
25,"BIZ",2
25,"BLR",126
25,"BOL",5
25,"BOT",5
25,"BRA",104
25,"BRN",4
25,"BRU",2
25,"BUL",85
25,"BUR",4
25,"CAF",3
25,"CAM",4
25,"CAN",204
25,"CAY",3
25,"CGO",5
25,"CHA",2
25,"CHI",31
25,"CHN",198
25,"CIV",11
25,"CMR",14
25,"COD",2
25,"COK",2
25,"COL",41
25,"COM",2
25,"CPV",2
25,"CRC",7
25,"CRO",54
25,"CUB",145
25,"CYP",20
25,"CZE",96
25,"DEN",61
25,"DJI",2
25,"DMA",4
25,"DOM",13
25,"ECU",10
25,"EGY",60
25,"ERI",3
25,"ESA",8
25,"ESP",206
25,"EST",31
25,"ETH",27
25,"FIJ",7
25,"FIN",67
25,"FRA",251
25,"FSM",5
25,"GAB",5
25,"GAM",2
25,"GBR",237
25,"GBS",3
25,"GEO",37
25,"GEQ",4
25,"GER",310
25,"GHA",17
25,"GRE",118
25,"GRN",3
25,"GUA",13
25,"GUI",6
25,"GUM",7
25,"GUY",4
25,"HAI",5
25,"HKG",32
25,"HON",4
25,"HUN",148
25,"INA",36
25,"IND",39
25,"IOA",4
25,"IRI",35
25,"IRL",51
25,"IRQ",4
25,"ISL",18
25,"ISR",35
25,"ISV",9
25,"ITA",217
25,"IVB",1
25,"JAM",43
25,"JOR",8
25,"JPN",190
25,"KAZ",107
25,"KEN",44
25,"KGZ",50
25,"KOR",149
25,"KSA",17
25,"KUW",12
25,"LAO",3
25,"LAT",45
25,"LBA",3
25,"LBN",6
25,"LBR",6
25,"LCA",5
25,"LES",6
25,"LIE",2
25,"LTU",48
25,"LUX",7
25,"MAD",10
25,"MAR",39
25,"MAS",23
25,"MAW",2
25,"MDA",34
25,"MDV",4
25,"MEX",77
25,"MGL",20
25,"MKD",10
25,"MLI",5
25,"MLT",7
25,"MON",4
25,"MOZ",5
25,"MRI",19
25,"MTN",2
25,"MYA",7
25,"NAM",11
25,"NCA",6
25,"NED",115
25,"NEP",5
25,"NGR",49
25,"NIG",4
25,"NOR",54
25,"NRU",3
25,"NZL",84
25,"OMA",4
25,"PAK",11
25,"PAN",6
25,"PAR",5
25,"PER",11
25,"PHI",20
25,"PLE",2
25,"PLW",5
25,"PNG",5
25,"POL",142
25,"POR",56
25,"PRK",30
25,"PUR",22
25,"QAT",16
25,"ROU",113
25,"RSA",73
25,"RUS",323
25,"RWA",5
25,"SAM",5
25,"SCG",47
25,"SEN",15
25,"SEY",9
25,"SGP",14
25,"SKN",2
25,"SLE",3
25,"SLO",46
25,"SMR",4
25,"SOL",2
25,"SOM",2
25,"SRI",14
25,"STP",2
25,"SUD",3
25,"SUI",95
25,"SUR",4
25,"SVK",66
25,"SWE",113
25,"SWZ",6
25,"SYR",8
25,"TAN",4
25,"TGA",3
25,"THA",43
25,"TJK",4
25,"TKM",8
25,"TOG",3
25,"TPE",54
25,"TTO",17
25,"TUN",34
25,"TUR",60
25,"UAE",4
25,"UGA",13
25,"UKR",224
25,"URU",15
25,"USA",396
25,"UZB",63
25,"VAN",3
25,"VEN",45
25,"VIE",7
25,"VIN",4
25,"YEM",2
25,"ZAM",8
25,"ZIM",18
26,"AFG",5
26,"AHO",3
26,"ALB",7
26,"ALG",63
26,"AND",6
26,"ANG",6
26,"ANT",5
26,"ARG",80
26,"ARM",18
26,"ARU",4
26,"ASA",3
26,"AUS",268
26,"AUT",67
26,"AZE",37
26,"BAH",17
26,"BAN",4
26,"BAR",10
26,"BDI",7
26,"BEL",49
26,"BEN",4
26,"BER",7
26,"BHU",2
26,"BIH",9
26,"BIZ",2
26,"BLR",130
26,"BOL",7
26,"BOT",8
26,"BRA",149
26,"BRN",10
26,"BRU",1
26,"BUL",85
26,"BUR",5
26,"CAF",4
26,"CAM",4
26,"CAN",177
26,"CAY",5
26,"CGO",6
26,"CHA",2
26,"CHI",23
26,"CHN",261
26,"CIV",5
26,"CMR",17
26,"COD",5
26,"COK",3
26,"COL",52
26,"COM",3
26,"CPV",3
26,"CRC",7
26,"CRO",52
26,"CUB",109
26,"CYP",20
26,"CZE",115
26,"DEN",61
26,"DMA",2
26,"DOM",22
26,"ECU",16
26,"EGY",55
26,"ERI",4
26,"ESA",7
26,"ESP",196
26,"EST",38
26,"ETH",26
26,"FIJ",8
26,"FIN",53
26,"FRA",247
26,"FSM",5
26,"GAB",5
26,"GAM",2
26,"GBR",210
26,"GBS",3
26,"GEO",33
26,"GEQ",2
26,"GER",308
26,"GHA",11
26,"GRE",238
26,"GRN",5
26,"GUA",18
26,"GUI",3
26,"GUM",4
26,"GUY",4
26,"HAI",8
26,"HKG",30
26,"HON",5
26,"HUN",151
26,"INA",29
26,"IND",54
26,"IRI",37
26,"IRL",41
26,"IRQ",8
26,"ISL",12
26,"ISR",32
26,"ISV",6
26,"ITA",215
26,"IVB",1
26,"JAM",43
26,"JOR",8
26,"JPN",194
26,"KAZ",92
26,"KEN",35
26,"KGZ",29
26,"KIR",3
26,"KOR",165
26,"KSA",17
26,"KUW",11
26,"LAO",5
26,"LAT",32
26,"LBA",8
26,"LBN",5
26,"LBR",2
26,"LCA",2
26,"LES",3
26,"LIE",1
26,"LTU",45
26,"LUX",11
26,"MAD",9
26,"MAR",42
26,"MAS",22
26,"MAW",4
26,"MDA",33
26,"MDV",4
26,"MEX",78
26,"MGL",20
26,"MKD",10
26,"MLI",6
26,"MLT",7
26,"MON",3
26,"MOZ",4
26,"MRI",9
26,"MTN",2
26,"MYA",2
26,"NAM",8
26,"NCA",5
26,"NED",110
26,"NEP",6
26,"NGR",35
26,"NIG",4
26,"NOR",39
26,"NRU",3
26,"NZL",86
26,"OMA",2
26,"PAK",11
26,"PAN",4
26,"PAR",6
26,"PER",12
26,"PHI",16
26,"PLE",3
26,"PLW",4
26,"PNG",4
26,"POL",149
26,"POR",60
26,"PRK",38
26,"PUR",29
26,"QAT",15
26,"ROU",96
26,"RSA",73
26,"RUS",344
26,"RWA",5
26,"SAM",3
26,"SCG",33
26,"SEN",15
26,"SEY",9
26,"SGP",16
26,"SKN",2
26,"SLE",2
26,"SLO",58
26,"SMR",5
26,"SOL",2
26,"SOM",2
26,"SRI",7
26,"STP",2
26,"SUD",5
26,"SUI",87
26,"SUR",4
26,"SVK",57
26,"SWE",94
26,"SWZ",3
26,"SYR",6
26,"TAN",8
26,"TGA",5
26,"THA",40
26,"TJK",9
26,"TKM",9
26,"TLS",2
26,"TOG",3
26,"TPE",53
26,"TTO",17
26,"TUN",31
26,"TUR",65
26,"UAE",4
26,"UGA",11
26,"UKR",204
26,"URU",14
26,"USA",377
26,"UZB",68
26,"VAN",2
26,"VEN",48
26,"VIE",10
26,"VIN",3
26,"YEM",3
26,"ZAM",6
26,"ZIM",11
53,"AFG",4
53,"AHO",3
53,"ALB",11
53,"ALG",48
53,"AND",5
53,"ANG",7
53,"ANT",5
53,"ARG",73
53,"ARM",26
53,"ARU",2
53,"ASA",4
53,"AUS",268
53,"AUT",61
53,"AZE",41
53,"BAH",23
53,"BAN",5
53,"BAR",8
53,"BDI",3
53,"BEL",56
53,"BEN",5
53,"BER",6
53,"BHU",2
53,"BIH",5
53,"BIZ",4
53,"BLR",146
53,"BOL",7
53,"BOT",12
53,"BRA",162
53,"BRN",15
53,"BUL",53
53,"BUR",6
53,"CAF",3
53,"CAM",4
53,"CAN",215
53,"CAY",4
53,"CGO",5
53,"CHA",2
53,"CHI",27
53,"CHN",351
53,"CIV",6
53,"CMR",16
53,"COD",5
53,"COK",4
53,"COL",65
53,"COM",3
53,"CPV",2
53,"CRC",8
53,"CRO",62
53,"CUB",115
53,"CYP",17
53,"CZE",110
53,"DEN",59
53,"DJI",2
53,"DMA",2
53,"DOM",22
53,"ECU",25
53,"EGY",72
53,"ERI",10
53,"ESA",11
53,"ESP",186
53,"EST",43
53,"ETH",28
53,"FIJ",6
53,"FIN",54
53,"FRA",257
53,"FSM",5
53,"GAB",4
53,"GAM",3
53,"GBR",238
53,"GBS",3
53,"GEO",33
53,"GEQ",3
53,"GER",260
53,"GHA",9
53,"GRE",98
53,"GRN",9
53,"GUA",12
53,"GUI",5
53,"GUM",6
53,"GUY",4
53,"HAI",7
53,"HKG",42
53,"HON",7
53,"HUN",129
53,"INA",24
53,"IND",50
53,"IRI",49
53,"IRL",47
53,"IRQ",3
53,"ISL",14
53,"ISR",37
53,"ISV",7
53,"ITA",242
53,"IVB",2
53,"JAM",46
53,"JOR",7
53,"JPN",216
53,"KAZ",103
53,"KEN",46
53,"KGZ",20
53,"KIR",2
53,"KOR",161
53,"KSA",15
53,"KUW",8
53,"LAO",4
53,"LAT",36
53,"LBA",7
53,"LBN",7
53,"LBR",3
53,"LCA",4
53,"LES",5
53,"LIE",2
53,"LTU",58
53,"LUX",13
53,"MAD",6
53,"MAR",47
53,"MAS",36
53,"MAW",4
53,"MDA",29
53,"MDV",4
53,"MEX",82
53,"MGL",28
53,"MHL",5
53,"MKD",7
53,"MLI",6
53,"MLT",6
53,"MNE",7
53,"MON",5
53,"MOZ",4
53,"MRI",12
53,"MTN",2
53,"MYA",8
53,"NAM",10
53,"NCA",6
53,"NED",110
53,"NEP",8
53,"NGR",44
53,"NIG",5
53,"NOR",49
53,"NRU",1
53,"NZL",90
53,"OMA",4
53,"PAK",6
53,"PAN",5
53,"PAR",7
53,"PER",13
53,"PHI",19
53,"PLE",4
53,"PLW",5
53,"PNG",7
53,"POL",193
53,"POR",73
53,"PRK",45
53,"PUR",22
53,"QAT",20
53,"ROU",83
53,"RSA",96
53,"RUS",357
53,"RWA",4
53,"SAM",6
53,"SEN",15
53,"SEY",8
53,"SGP",27
53,"SKN",4
53,"SLE",3
53,"SLO",53
53,"SMR",4
53,"SOL",3
53,"SOM",2
53,"SRB",40
53,"SRI",9
53,"STP",3
53,"SUD",9
53,"SUI",76
53,"SUR",4
53,"SVK",52
53,"SWE",97
53,"SWZ",4
53,"SYR",8
53,"TAN",10
53,"TGA",3
53,"THA",42
53,"TJK",15
53,"TKM",10
53,"TLS",2
53,"TOG",4
53,"TPE",50
53,"TTO",24
53,"TUN",29
53,"TUR",67
53,"TUV",3
53,"UAE",8
53,"UGA",11
53,"UKR",233
53,"URU",11
53,"USA",389
53,"UZB",56
53,"VAN",3
53,"VEN",74
53,"VIE",21
53,"VIN",2
53,"YEM",5
53,"ZAM",8
53,"ZIM",13
54,"AFG",6
54,"ALB",9
54,"ALG",28
54,"AND",6
54,"ANG",11
54,"ANT",4
54,"ARG",63
54,"ARM",24
54,"ARU",4
54,"ASA",5
54,"AUS",254
54,"AUT",62
54,"AZE",51
54,"BAH",21
54,"BAN",5
54,"BAR",6
54,"BDI",6
54,"BEL",79
54,"BEN",5
54,"BER",7
54,"BHU",2
54,"BIH",6
54,"BIZ",3
54,"BLR",128
54,"BOL",5
54,"BOT",4
54,"BRA",153
54,"BRN",12
54,"BRU",3
54,"BUL",47
54,"BUR",5
54,"CAF",6
54,"CAM",6
54,"CAN",209
54,"CAY",5
54,"CGO",7
54,"CHA",2
54,"CHI",35
54,"CHN",276
54,"CIV",9
54,"CMR",16
54,"COD",4
54,"COK",8
54,"COL",81
54,"COM",3
54,"CPV",3
54,"CRC",11
54,"CRO",53
54,"CUB",100
54,"CYP",13
54,"CZE",105
54,"DEN",74
54,"DJI",5
54,"DMA",2
54,"DOM",21
54,"ECU",36
54,"EGY",89
54,"ERI",12
54,"ESA",10
54,"ESP",163
54,"EST",28
54,"ETH",34
54,"FIJ",9
54,"FIN",52
54,"FRA",236
54,"FSM",6
54,"GAB",7
54,"GAM",2
54,"GBR",320
54,"GBS",4
54,"GEO",35
54,"GEQ",2
54,"GER",286
54,"GHA",9
54,"GRE",74
54,"GRN",9
54,"GUA",19
54,"GUI",4
54,"GUM",8
54,"GUY",6
54,"HAI",5
54,"HKG",36
54,"HON",10
54,"HUN",112
54,"INA",19
54,"IND",64
54,"IOA",4
54,"IRI",53
54,"IRL",60
54,"IRQ",8
54,"ISL",14
54,"ISR",28
54,"ISV",7
54,"ITA",209
54,"IVB",2
54,"JAM",42
54,"JOR",9
54,"JPN",215
54,"KAZ",103
54,"KEN",45
54,"KGZ",14
54,"KIR",3
54,"KOR",156
54,"KSA",19
54,"KUW",10
54,"LAO",3
54,"LAT",41
54,"LBA",4
54,"LBN",10
54,"LBR",4
54,"LCA",4
54,"LES",4
54,"LIE",3
54,"LTU",50
54,"LUX",9
54,"MAD",7
54,"MAR",49
54,"MAS",30
54,"MAW",3
54,"MDA",20
54,"MDV",5
54,"MEX",87
54,"MGL",29
54,"MHL",4
54,"MKD",4
54,"MLI",6
54,"MLT",5
54,"MNE",8
54,"MON",6
54,"MOZ",6
54,"MRI",10
54,"MTN",2
54,"MYA",6
54,"NAM",9
54,"NCA",6
54,"NED",107
54,"NEP",5
54,"NGR",37
54,"NIG",6
54,"NOR",46
54,"NRU",2
54,"NZL",89
54,"OMA",4
54,"PAK",6
54,"PAN",8
54,"PAR",8
54,"PER",16
54,"PHI",11
54,"PLE",5
54,"PLW",5
54,"PNG",8
54,"POL",165
54,"POR",70
54,"PRK",34
54,"PUR",25
54,"QAT",12
54,"ROU",78
54,"RSA",68
54,"RUS",330
54,"RWA",7
54,"SAM",8
54,"SEN",15
54,"SEY",6
54,"SGP",22
54,"SKN",4
54,"SLE",2
54,"SLO",61
54,"SMR",4
54,"SOL",4
54,"SOM",2
54,"SRB",60
54,"SRI",7
54,"STP",2
54,"SUD",6
54,"SUI",71
54,"SUR",5
54,"SVK",46
54,"SWE",85
54,"SWZ",3
54,"SYR",10
54,"TAN",6
54,"TGA",3
54,"THA",35
54,"TJK",16
54,"TKM",10
54,"TLS",2
54,"TOG",6
54,"TPE",44
54,"TTO",25
54,"TUN",48
54,"TUR",87
54,"TUV",3
54,"UAE",9
54,"UGA",15
54,"UKR",214
54,"URU",11
54,"USA",378
54,"UZB",53
54,"VAN",5
54,"VEN",63
54,"VIE",17
54,"VIN",3
54,"YEM",4
54,"ZAM",7
54,"ZIM",7
59,"AFG",3
59,"ALB",6
59,"ALG",47
59,"AND",4
59,"ANG",10
59,"ANT",7
59,"ARG",85
59,"ARM",32
59,"ARU",6
59,"ASA",4
59,"AUS",262
59,"AUT",61
59,"AZE",55
59,"BAH",26
59,"BAN",7
59,"BAR",11
59,"BDI",9
59,"BEL",90
59,"BEN",6
59,"BER",8
59,"BHU",2
59,"BIH",11
59,"BIZ",3
59,"BLR",100
59,"BOL",12
59,"BOT",11
59,"BRA",271
59,"BRN",34
59,"BRU",3
59,"BUL",45
59,"BUR",5
59,"CAF",6
59,"CAM",6
59,"CAN",218
59,"CAY",5
59,"CGO",10
59,"CHA",2
59,"CHI",34
59,"CHN",279
59,"CIV",12
59,"CMR",13
59,"COD",4
59,"COK",9
59,"COL",98
59,"COM",4
59,"CPV",5
59,"CRC",10
59,"CRO",48
59,"CUB",97
59,"CYP",16
59,"CZE",96
59,"DEN",73
59,"DJI",7
59,"DMA",2
59,"DOM",24
59,"ECU",37
59,"EGY",89
59,"EOR",10
59,"ERI",12
59,"ESA",8
59,"ESP",177
59,"EST",42
59,"ETH",38
59,"FIJ",14
59,"FIN",51
59,"FRA",258
59,"FSM",5
59,"GAB",6
59,"GAM",4
59,"GBR",266
59,"GBS",5
59,"GEO",41
59,"GEQ",2
59,"GER",300
59,"GHA",12
59,"GRE",69
59,"GRN",7
59,"GUA",21
59,"GUI",5
59,"GUM",5
59,"GUY",6
59,"HAI",10
59,"HKG",32
59,"HON",8
59,"HUN",128
59,"INA",24
59,"IND",78
59,"IOA",9
59,"IRI",52
59,"IRL",59
59,"IRQ",5
59,"ISL",8
59,"ISR",40
59,"ISV",7
59,"ITA",224
59,"IVB",4
59,"JAM",51
59,"JOR",8
59,"JPN",231
59,"KAZ",99
59,"KEN",58
59,"KGZ",19
59,"KIR",3
59,"KOR",146
59,"KOS",8
59,"KSA",11
59,"LAO",6
59,"LAT",31
59,"LBA",7
59,"LBN",9
59,"LBR",2
59,"LCA",5
59,"LES",8
59,"LIE",3
59,"LTU",49
59,"LUX",10
59,"MAD",6
59,"MAR",49
59,"MAS",32
59,"MAW",5
59,"MDA",24
59,"MDV",4
59,"MEX",97
59,"MGL",43
59,"MHL",5
59,"MKD",6
59,"MLI",6
59,"MLT",7
59,"MNE",9
59,"MON",3
59,"MOZ",7
59,"MRI",11
59,"MTN",2
59,"MYA",7
59,"NAM",10
59,"NCA",5
59,"NED",145
59,"NEP",7
59,"NGR",44
59,"NIG",6
59,"NOR",46
59,"NRU",2
59,"NZL",91
59,"OMA",4
59,"PAK",7
59,"PAN",10
59,"PAR",11
59,"PER",29
59,"PHI",13
59,"PLE",6
59,"PLW",5
59,"PNG",8
59,"POL",181
59,"POR",73
59,"PRK",31
59,"PUR",30
59,"QAT",24
59,"ROU",67
59,"RSA",84
59,"RUS",221
59,"RWA",7
59,"SAM",8
59,"SEN",11
59,"SEY",10
59,"SGP",22
59,"SKN",5
59,"SLE",4
59,"SLO",44
59,"SMR",4
59,"SOL",3
59,"SOM",2
59,"SRB",55
59,"SRI",9
59,"SSD",3
59,"STP",3
59,"SUD",6
59,"SUI",82
59,"SUR",6
59,"SVK",47
59,"SWE",94
59,"SWZ",2
59,"SYR",7
59,"TAN",7
59,"TGA",7
59,"THA",51
59,"TJK",7
59,"TKM",9
59,"TLS",3
59,"TOG",5
59,"TPE",56
59,"TTO",28
59,"TUN",44
59,"TUR",87
59,"TUV",1
59,"UAE",13
59,"UGA",21
59,"UKR",184
59,"URU",16
59,"USA",380
59,"UZB",66
59,"VAN",4
59,"VEN",73
59,"VIE",21
59,"VIN",4
59,"YEM",3
59,"ZAM",7
59,"ZIM",14
61,"AFG",5
61,"ALB",9
61,"ALG",40
61,"AND",2
61,"ANG",6
61,"ANT",6
61,"ARG",69
61,"ARM",17
61,"ARU",3
61,"ASA",5
61,"AUS",279
61,"AUT",72
61,"AZE",40
61,"BAH",13
61,"BAN",7
61,"BAR",8
61,"BDI",6
61,"BEL",92
61,"BEN",7
61,"BER",2
61,"BHU",4
61,"BIH",7
61,"BIZ",3
61,"BLR",94
61,"BOL",5
61,"BOT",11
61,"BRA",192
61,"BRN",18
61,"BRU",2
61,"BUL",37
61,"BUR",7
61,"CAF",2
61,"CAM",3
61,"CAN",235
61,"CAY",5
61,"CGO",3
61,"CHA",3
61,"CHI",34
61,"CHN",286
61,"CIV",11
61,"CMR",12
61,"COD",7
61,"COK",6
61,"COL",65
61,"COM",3
61,"CPV",6
61,"CRC",14
61,"CRO",45
61,"CUB",69
61,"CYP",15
61,"CZE",97
61,"DEN",73
61,"DJI",4
61,"DMA",2
61,"DOM",28
61,"ECU",44
61,"EGY",101
61,"EOR",30
61,"ERI",13
61,"ESA",5
61,"ESP",193
61,"EST",30
61,"ETH",36
61,"FIJ",8
61,"FIN",44
61,"FRA",271
61,"FSM",3
61,"GAB",5
61,"GAM",4
61,"GBR",267
61,"GBS",4
61,"GEO",33
61,"GEQ",3
61,"GER",296
61,"GHA",11
61,"GRE",61
61,"GRN",6
61,"GUA",23
61,"GUI",5
61,"GUM",5
61,"GUY",7
61,"HAI",6
61,"HKG",40
61,"HON",6
61,"HUN",130
61,"INA",24
61,"IND",85
61,"IRI",45
61,"IRL",81
61,"IRQ",3
61,"ISL",4
61,"ISR",62
61,"ISV",4
61,"ITA",275
61,"IVB",3
61,"JAM",51
61,"JOR",14
61,"JPN",341
61,"KAZ",86
61,"KEN",50
61,"KGZ",16
61,"KIR",3
61,"KOR",149
61,"KOS",11
61,"KSA",12
61,"KUW",9
61,"LAO",4
61,"LAT",29
61,"LBA",4
61,"LBN",6
61,"LBR",3
61,"LCA",5
61,"LES",2
61,"LIE",4
61,"LTU",37
61,"LUX",12
61,"MAD",6
61,"MAR",45
61,"MAS",27
61,"MAW",5
61,"MDA",22
61,"MDV",4
61,"MEX",105
61,"MGL",43
61,"MHL",2
61,"MKD",8
61,"MLI",4
61,"MLT",6
61,"MNE",9
61,"MON",6
61,"MOZ",9
61,"MRI",8
61,"MTN",2
61,"MYA",2
61,"NAM",11
61,"NCA",8
61,"NED",163
61,"NEP",5
61,"NGR",29
61,"NIG",7
61,"NOR",59
61,"NRU",2
61,"NZL",96
61,"OMA",5
61,"PAK",10
61,"PAN",10
61,"PAR",8
61,"PER",34
61,"PHI",19
61,"PLE",5
61,"PLW",3
61,"PNG",8
61,"POL",167
61,"POR",74
61,"PUR",25
61,"QAT",15
61,"ROC",267
61,"ROU",54
61,"RSA",83
61,"RWA",5
61,"SAM",9
61,"SEN",9
61,"SEY",5
61,"SGP",22
61,"SKN",2
61,"SLE",4
61,"SLO",42
61,"SMR",6
61,"SOL",3
61,"SOM",2
61,"SRB",51
61,"SRI",9
61,"SSD",2
61,"STP",4
61,"SUD",5
61,"SUI",102
61,"SUR",3
61,"SVK",38
61,"SWE",85
61,"SWZ",4
61,"SYR",6
61,"TAN",3
61,"TGA",6
61,"THA",39
61,"TJK",10
61,"TKM",9
61,"TLS",3
61,"TOG",4
61,"TPE",70
61,"TTO",24
61,"TUN",51
61,"TUR",94
61,"TUV",2
61,"UAE",5
61,"UGA",25
61,"UKR",142
61,"URU",9
61,"USA",427
61,"UZB",64
61,"VAN",3
61,"VEN",31
61,"VIE",18
61,"VIN",3
61,"YEM",5
61,"ZAM",9
61,"ZIM",5
